#
# There is insufficient memory for the Java Runtime Environment to continue.
# Native memory allocation (mmap) failed to map 365953024 bytes. Error detail: G1 virtual space
# Possible reasons:
#   The system is out of physical RAM or swap space
#   This process is running with CompressedOops enabled, and the Java Heap may be blocking the growth of the native heap
# Possible solutions:
#   Reduce memory load on the system
#   Increase physical memory or swap space
#   Check if swap backing store is full
#   Decrease Java heap size (-Xmx/-Xms)
#   Decrease number of Java threads
#   Decrease Java thread stack sizes (-Xss)
#   Set larger code cache with -XX:ReservedCodeCacheSize=
#   JVM is running with Unscaled Compressed Oops mode in which the Java heap is
#     placed in the first 4GB address space. The Java Heap base address is the
#     maximum limit for the native heap growth. Please use -XX:HeapBaseMinAddress
#     to set the Java Heap base and to place the Java Heap above 4GB virtual address.
# This output file may be truncated or incomplete.
#
#  Out of Memory Error (os_windows.cpp:3554), pid=7716, tid=14712
#
# JRE version: OpenJDK Runtime Environment Temurin-25.0.3+9 (25.0.3+9) (build 25.0.3+9-LTS)
# Java VM: OpenJDK 64-Bit Server VM Temurin-25.0.3+9 (25.0.3+9-LTS, mixed mode, sharing, tiered, compressed oops, compressed class ptrs, g1 gc, windows-amd64)
# No core dump will be written. Minidumps are not enabled by default on client versions of Windows
#

---------------  S U M M A R Y ------------

Command Line: --add-opens=java.base/java.lang=ALL-UNNAMED --add-opens=java.base/java.lang.invoke=ALL-UNNAMED --add-opens=java.base/java.util=ALL-UNNAMED --add-opens=java.prefs/java.util.prefs=ALL-UNNAMED --add-exports=jdk.compiler/com.sun.tools.javac.api=ALL-UNNAMED --add-exports=jdk.compiler/com.sun.tools.javac.util=ALL-UNNAMED --add-opens=java.base/java.nio.charset=ALL-UNNAMED --add-opens=java.base/java.net=ALL-UNNAMED --add-opens=java.base/java.util.concurrent=ALL-UNNAMED --add-opens=java.base/java.util.concurrent.atomic=ALL-UNNAMED --add-opens=java.xml/javax.xml.namespace=ALL-UNNAMED --add-opens=java.base/java.time=ALL-UNNAMED --enable-native-access=ALL-UNNAMED -Xmx1g -Dfile.encoding=UTF-8 -Duser.country=IN -Duser.language=en -Duser.variant -javaagent:C:\Users\manas\.gradle\wrapper\dists\gradle-9.6.0-bin\42k10rwplmzkhuboz9kdazi7s\gradle-9.6.0\lib\agents\gradle-instrumentation-agent-9.6.0.jar org.gradle.launcher.daemon.bootstrap.GradleDaemon 9.6.0

Host: 11th Gen Intel(R) Core(TM) i5-11300H @ 3.10GHz, 8 cores, 15G,  Windows 11 , 64 bit Build 26100 (10.0.26100.8875)
Time: Tue Sep 29 12:22:27 2026 India Standard Time elapsed time: 16.267356 seconds (0d 0h 0m 16s)

---------------  T H R E A D  ---------------

Current thread (0x00000296ff9dbfe0):  VMThread "VM Thread"          [id=14712, stack(0x000000b011300000,0x000000b011400000) (1024K)]

Stack: [0x000000b011300000,0x000000b011400000]
Native frames: (J=compiled Java code, j=interpreted, Vv=VM code, C=native code)
V  [jvm.dll+0x7aa709]  (no source info available)
V  [jvm.dll+0x7749ed]  (no source info available)
V  [jvm.dll+0x9f7433]  (no source info available)
V  [jvm.dll+0x9f9a21]  (no source info available)
V  [jvm.dll+0x9fa133]  (no source info available)
V  [jvm.dll+0x2fd266]  (no source info available)
V  [jvm.dll+0x7a6935]  (no source info available)
V  [jvm.dll+0x799d87]  (no source info available)
V  [jvm.dll+0x3f5d88]  (no source info available)
V  [jvm.dll+0x3fdcf6]  (no source info available)
V  [jvm.dll+0x3ea45e]  (no source info available)
V  [jvm.dll+0x3ea718]  (no source info available)
V  [jvm.dll+0x3c1575]  (no source info available)
V  [jvm.dll+0x3c419c]  (no source info available)
V  [jvm.dll+0x3d09e1]  (no source info available)
V  [jvm.dll+0x40ca2f]  (no source info available)
V  [jvm.dll+0xa00382]  (no source info available)
V  [jvm.dll+0xa016a1]  (no source info available)
V  [jvm.dll+0xa01c18]  (no source info available)
V  [jvm.dll+0xa01eb3]  (no source info available)
V  [jvm.dll+0x99894d]  (no source info available)
V  [jvm.dll+0x7a8ce5]  (no source info available)
C  [ucrtbase.dll+0x2cd30]  (no source info available)
C  [KERNEL32.DLL+0x2e957]  (no source info available)
C  [ntdll.dll+0xaad6c]  (no source info available)

VM_Operation (0x000000b010effa70): G1PauseRemark, mode: safepoint, requested by thread 0x00000296e3d00370


---------------  P R O C E S S  ---------------

Threads class SMR info:
_java_thread_list=0x000002968ab2f420, length=57, elements={
0x00000296e3cb1210, 0x00000296ff9eef60, 0x00000296ff9ef9c0, 0x00000296ff9f0820,
0x00000296ff9f2ce0, 0x00000296ff9f58b0, 0x00000296ff9f6d40, 0x00000296ff9f8580,
0x00000296ff9faa70, 0x00000296ffc0c790, 0x00000296ffc8a590, 0x0000029685e63b50,
0x00000296863300b0, 0x0000029685dc1a50, 0x00000296860648b0, 0x0000029686359050,
0x00000296ffce2130, 0x00000296ffce2900, 0x00000296ffce1190, 0x000002968637efa0,
0x00000296863816b0, 0x000002968637f770, 0x0000029686385530, 0x00000296863835f0,
0x0000029686385d00, 0x000002968655c7c0, 0x000002968655df30, 0x000002968655d760,
0x000002968655eed0, 0x0000029686562d50, 0x0000029686563cf0, 0x0000029689e35440,
0x0000029689e37380, 0x0000029689e363e0, 0x0000029689e3b200, 0x000002968a260260,
0x000002968a25db50, 0x000002968a261200, 0x000002968a263140, 0x000002968a2640e0,
0x0000029689062190, 0x000002968af4cb50, 0x00000296890055a0, 0x0000029689003660,
0x0000029689003e30, 0x0000029689006d10, 0x000002968a9cd250, 0x0000029689065840,
0x00000296885cf0d0, 0x0000029689068ef0, 0x0000029689066fb0, 0x000002968a9cbae0,
0x000002968a9cf960, 0x000002968a9cca80, 0x000002968a9d0900, 0x000002968a9d2070,
0x000002968af494a0
}

Java Threads: ( => current thread )
  0x00000296e3cb1210 JavaThread "main"                              [_thread_blocked, id=14164, stack(0x000000b010c00000,0x000000b010d00000) (1024K)]
  0x00000296ff9eef60 JavaThread "Reference Handler"          daemon [_thread_blocked, id=12600, stack(0x000000b011400000,0x000000b011500000) (1024K)]
  0x00000296ff9ef9c0 JavaThread "Finalizer"                  daemon [_thread_blocked, id=17260, stack(0x000000b011500000,0x000000b011600000) (1024K)]
  0x00000296ff9f0820 JavaThread "Signal Dispatcher"          daemon [_thread_blocked, id=5004, stack(0x000000b011600000,0x000000b011700000) (1024K)]
  0x00000296ff9f2ce0 JavaThread "Attach Listener"            daemon [_thread_blocked, id=9532, stack(0x000000b011700000,0x000000b011800000) (1024K)]
  0x00000296ff9f58b0 JavaThread "Service Thread"             daemon [_thread_blocked, id=4336, stack(0x000000b011800000,0x000000b011900000) (1024K)]
  0x00000296ff9f6d40 JavaThread "Monitor Deflation Thread"   daemon [_thread_blocked, id=8460, stack(0x000000b011900000,0x000000b011a00000) (1024K)]
  0x00000296ff9f8580 JavaThread "C2 CompilerThread0"         daemon [_thread_blocked, id=14680, stack(0x000000b011a00000,0x000000b011b00000) (1024K)]
  0x00000296ff9faa70 JavaThread "C1 CompilerThread0"         daemon [_thread_blocked, id=7964, stack(0x000000b011b00000,0x000000b011c00000) (1024K)]
  0x00000296ffc0c790 JavaThread "Common-Cleaner"             daemon [_thread_blocked, id=17000, stack(0x000000b011c00000,0x000000b011d00000) (1024K)]
  0x00000296ffc8a590 JavaThread "Notification Thread"        daemon [_thread_blocked, id=6820, stack(0x000000b011d00000,0x000000b011e00000) (1024K)]
  0x0000029685e63b50 JavaThread "Daemon health stats"               [_thread_blocked, id=2240, stack(0x000000b012500000,0x000000b012600000) (1024K)]
  0x00000296863300b0 JavaThread "Incoming local TCP Connector on port 60806"        [_thread_in_native, id=704, stack(0x000000b012600000,0x000000b012700000) (1024K)]
  0x0000029685dc1a50 JavaThread "Daemon periodic checks"            [_thread_blocked, id=5716, stack(0x000000b012700000,0x000000b012800000) (1024K)]
  0x00000296860648b0 JavaThread "Daemon"                            [_thread_blocked, id=17052, stack(0x000000b012800000,0x000000b012900000) (1024K)]
  0x0000029686359050 JavaThread "Handler for socket connection from /127.0.0.1:60806 to /127.0.0.1:60807"        [_thread_in_native, id=572, stack(0x000000b012900000,0x000000b012a00000) (1024K)]
  0x00000296ffce2130 JavaThread "Cancel handler"                    [_thread_blocked, id=14272, stack(0x000000b012a00000,0x000000b012b00000) (1024K)]
  0x00000296ffce2900 JavaThread "Daemon worker"                     [_thread_blocked, id=3496, stack(0x000000b012b00000,0x000000b012c00000) (1024K)]
  0x00000296ffce1190 JavaThread "Asynchronous log dispatcher for DefaultDaemonConnection: socket connection from /127.0.0.1:60806 to /127.0.0.1:60807"        [_thread_blocked, id=18408, stack(0x000000b012c00000,0x000000b012d00000) (1024K)]
  0x000002968637efa0 JavaThread "Stdin handler"                     [_thread_blocked, id=6628, stack(0x000000b012d00000,0x000000b012e00000) (1024K)]
  0x00000296863816b0 JavaThread "Daemon client event forwarder"        [_thread_blocked, id=14468, stack(0x000000b012e00000,0x000000b012f00000) (1024K)]
  0x000002968637f770 JavaThread "Cache worker for journal cache (C:\Users\manas\.gradle\caches\journal-1)"        [_thread_blocked, id=12572, stack(0x000000b012f00000,0x000000b013000000) (1024K)]
  0x0000029686385530 JavaThread "File lock request listener"        [_thread_in_native, id=20112, stack(0x000000b013000000,0x000000b013100000) (1024K)]
  0x00000296863835f0 JavaThread "Cache worker for file hash cache (C:\Users\manas\.gradle\caches\9.6.0\fileHashes)"        [_thread_blocked, id=18368, stack(0x000000b013100000,0x000000b013200000) (1024K)]
  0x0000029686385d00 JavaThread "Cache worker for file hash cache (D:\orion\New folder\Canvas\.gradle\9.6.0\fileHashes)"        [_thread_blocked, id=14588, stack(0x000000b013500000,0x000000b013600000) (1024K)]
  0x000002968655c7c0 JavaThread "Cache worker for checksums cache (D:\orion\New folder\Canvas\.gradle\9.6.0\checksums)"        [_thread_blocked, id=19880, stack(0x000000b013600000,0x000000b013700000) (1024K)]
  0x000002968655df30 JavaThread "Cache worker for Build Output Cleanup Cache (D:\orion\New folder\Canvas\.gradle\buildOutputCleanup)"        [_thread_blocked, id=340, stack(0x000000b013700000,0x000000b013800000) (1024K)]
  0x000002968655d760 JavaThread "Cache worker for file content cache (C:\Users\manas\.gradle\caches\9.6.0\fileContent)"        [_thread_blocked, id=12516, stack(0x000000b013800000,0x000000b013900000) (1024K)]
  0x000002968655eed0 JavaThread "File watcher server"        daemon [_thread_blocked, id=11928, stack(0x000000b013900000,0x000000b013a00000) (1024K)]
  0x0000029686562d50 JavaThread "File watcher consumer"      daemon [_thread_blocked, id=17848, stack(0x000000b013a00000,0x000000b013b00000) (1024K)]
  0x0000029686563cf0 JavaThread "Cache worker for cache directory md-supplier (C:\Users\manas\.gradle\caches\9.6.0\md-supplier)"        [_thread_blocked, id=18740, stack(0x000000b013b00000,0x000000b013c00000) (1024K)]
  0x0000029689e35440 JavaThread "Cache worker for cache directory md-rule (C:\Users\manas\.gradle\caches\9.6.0\md-rule)"        [_thread_blocked, id=10256, stack(0x000000b013c00000,0x000000b013d00000) (1024K)]
  0x0000029689e37380 JavaThread "build event listener"              [_thread_blocked, id=19872, stack(0x000000b013e00000,0x000000b013f00000) (1024K)]
  0x0000029689e363e0 JavaThread "Build operations"                  [_thread_blocked, id=17164, stack(0x000000b013f00000,0x000000b014000000) (1024K)]
  0x0000029689e3b200 JavaThread "Memory manager"                    [_thread_blocked, id=15216, stack(0x000000b013d00000,0x000000b013e00000) (1024K)]
  0x000002968a260260 JavaThread "included builds"                   [_thread_blocked, id=12576, stack(0x000000b014000000,0x000000b014100000) (1024K)]
  0x000002968a25db50 JavaThread "Execution worker"                  [_thread_blocked, id=20128, stack(0x000000b014100000,0x000000b014200000) (1024K)]
  0x000002968a261200 JavaThread "Cache worker for execution history cache (D:\orion\New folder\Canvas\.gradle\9.6.0\executionHistory)"        [_thread_blocked, id=11728, stack(0x000000b014200000,0x000000b014300000) (1024K)]
  0x000002968a263140 JavaThread "Build operations Thread 2"         [_thread_blocked, id=3040, stack(0x000000b014300000,0x000000b014400000) (1024K)]
  0x000002968a2640e0 JavaThread "WorkerExecutor Queue"              [_thread_blocked, id=20052, stack(0x000000b014400000,0x000000b014500000) (1024K)]
  0x0000029689062190 JavaThread "WorkerExecutor Queue Thread 2"        [_thread_in_native, id=15484, stack(0x000000b014500000,0x000000b014600000) (1024K)]
  0x000002968af4cb50 JavaThread "RMI Scheduler(0)"           daemon [_thread_blocked, id=11812, stack(0x000000b014e00000,0x000000b014f00000) (1024K)]
  0x00000296890055a0 JavaThread "RMI RenewClean-[127.0.0.1:17705,org.jetbrains.kotlin.daemon.common.LoopbackNetworkInterface$ClientLoopbackSocketFactory@7c97e6c4]" daemon [_thread_blocked, id=15128, stack(0x000000b014f00000,0x000000b015000000) (1024K)]
  0x0000029689003660 JavaThread "RMI GC Daemon"              daemon [_thread_blocked, id=18624, stack(0x000000b015000000,0x000000b015100000) (1024K)]
  0x0000029689003e30 JavaThread "RMI TCP Accept-0"           daemon [_thread_in_native, id=8916, stack(0x000000b015100000,0x000000b015200000) (1024K)]
  0x0000029689006d10 JavaThread "RMI Reaper"                        [_thread_blocked, id=11456, stack(0x000000b015200000,0x000000b015300000) (1024K)]
  0x000002968a9cd250 JavaThread "RMI TCP Connection(1)-127.0.0.1" daemon [_thread_in_native, id=528, stack(0x000000b015300000,0x000000b015400000) (1024K)]
  0x0000029689065840 JavaThread "WorkerExecutor Queue Thread 3"        [_thread_blocked, id=16728, stack(0x000000b014600000,0x000000b014700000) (1024K)]
  0x00000296885cf0d0 JavaThread "C2 CompilerThread1"         daemon [_thread_blocked, id=9840, stack(0x000000b011e00000,0x000000b011f00000) (1024K)]
  0x0000029689068ef0 JavaThread "ForkJoinPool-3-worker-1"    daemon [_thread_blocked, id=16948, stack(0x000000b011f00000,0x000000b012000000) (1024K)]
  0x0000029689066fb0 JavaThread "ForkJoinPool-3-worker-2"    daemon [_thread_blocked, id=19808, stack(0x000000b014700000,0x000000b014800000) (1024K)]
  0x000002968a9cbae0 JavaThread "ForkJoinPool-3-worker-3"    daemon [_thread_blocked, id=20376, stack(0x000000b014800000,0x000000b014900000) (1024K)]
  0x000002968a9cf960 JavaThread "ForkJoinPool-3-worker-4"    daemon [_thread_blocked, id=4116, stack(0x000000b014900000,0x000000b014a00000) (1024K)]
  0x000002968a9cca80 JavaThread "ForkJoinPool-3-worker-5"    daemon [_thread_blocked, id=14160, stack(0x000000b014a00000,0x000000b014b00000) (1024K)]
  0x000002968a9d0900 JavaThread "ForkJoinPool-3-worker-6"    daemon [_thread_blocked, id=15740, stack(0x000000b014b00000,0x000000b014c00000) (1024K)]
  0x000002968a9d2070 JavaThread "ForkJoinPool-3-worker-7"    daemon [_thread_blocked, id=14540, stack(0x000000b014c00000,0x000000b014d00000) (1024K)]
  0x000002968af494a0 JavaThread "ForkJoinPool-3-worker-8"    daemon [_thread_blocked, id=16240, stack(0x000000b014d00000,0x000000b014e00000) (1024K)]
Total: 57

Other Threads:
=>0x00000296ff9dbfe0 VMThread "VM Thread"                           [id=14712, stack(0x000000b011300000,0x000000b011400000) (1024K)]
  0x00000296ff9c6e30 WatcherThread "VM Periodic Task Thread"        [id=10184, stack(0x000000b011200000,0x000000b011300000) (1024K)]
  0x00000296e3cf32a0 WorkerThread "GC Thread#0"                     [id=9160, stack(0x000000b010d00000,0x000000b010e00000) (1024K)]
  0x0000029684e57a20 WorkerThread "GC Thread#1"                     [id=4108, stack(0x000000b012000000,0x000000b012100000) (1024K)]
  0x0000029684e58260 WorkerThread "GC Thread#2"                     [id=8456, stack(0x000000b012100000,0x000000b012200000) (1024K)]
  0x0000029684e58ea0 WorkerThread "GC Thread#3"                     [id=12460, stack(0x000000b012200000,0x000000b012300000) (1024K)]
  0x0000029684e5d6e0 WorkerThread "GC Thread#4"                     [id=19756, stack(0x000000b012300000,0x000000b012400000) (1024K)]
  0x0000029684e21720 WorkerThread "GC Thread#5"                     [id=9712, stack(0x000000b012400000,0x000000b012500000) (1024K)]
  0x000002968581fca0 WorkerThread "GC Thread#6"                     [id=18492, stack(0x000000b013200000,0x000000b013300000) (1024K)]
  0x000002968581e710 WorkerThread "GC Thread#7"                     [id=17908, stack(0x000000b013300000,0x000000b013400000) (1024K)]
  0x00000296e3d00370 ConcurrentGCThread "G1 Main Marker"            [id=2688, stack(0x000000b010e00000,0x000000b010f00000) (1024K)]
  0x00000296e3d01d60 WorkerThread "G1 Conc#0"                       [id=4308, stack(0x000000b010f00000,0x000000b011000000) (1024K)]
  0x00000296858200f0 WorkerThread "G1 Conc#1"                       [id=1704, stack(0x000000b013400000,0x000000b013500000) (1024K)]
  0x00000296e3d5e4d0 ConcurrentGCThread "G1 Refine#0"               [id=16496, stack(0x000000b011000000,0x000000b011100000) (1024K)]
  0x00000296ff885200 ConcurrentGCThread "G1 Service"                [id=3068, stack(0x000000b011100000,0x000000b011200000) (1024K)]
Total: 15

Threads with active compile tasks:
Total: 0

VM state: at safepoint (normal execution)

VM Mutex/Monitor currently owned by a thread:  ([mutex/lock_event])
[0x00007ffe7cc796a8] Threads_lock - owner thread: 0x00000296ff9dbfe0
[0x00007ffe7cc79828] Heap_lock - owner thread: 0x00000296e3d00370

Heap address: 0x00000000c0000000, size: 1024 MB, Compressed Oops mode: 32-bit

CDS archive(s) mapped at: [0x000000002a000000-0x000000002add0000-0x000000002add0000), size 14483456, SharedBaseAddress: 0x000000002a000000, ArchiveRelocationMode: 1.
Compressed class space mapped at: 0x000000002b000000-0x000000006b000000, reserved size: 1073741824
UseCompressedClassPointers 1, UseCompactObjectHeaders 0
Narrow klass pointer bits 32, Max shift 3
Narrow klass base: 0x000000002a000000, Narrow klass shift: 0
Encoding Range: [0x000000002a000000 - 0x000000012a000000), (4294967296 bytes)
Klass Range:    [0x000000002a010000 - 0x000000006b000000), (1090453504 bytes)
Klass ID Range:  [65536 - 1090519033) (1090453497)
Protection zone: [0x000000002a000000 - 0x000000002a010000), (65536 bytes)

GC Precious Log:
 CardTable entry size: 512
 Card Set container configuration: InlinePtr #cards 5 size 8 Array Of Cards #cards 10 size 36 Howl #buckets 4 coarsen threshold 1843 Howl Bitmap #cards 512 size 80 coarsen threshold 460 Card regions per heap region 1 cards per card region 2048
 CPUs: 8 total, 8 available
 Memory: 16167M
 Large Page Support: Disabled
 NUMA Support: Disabled
 Compressed Oops: Enabled (32-bit)
 Heap Region Size: 1M
 Heap Min Capacity: 8M
 Heap Initial Capacity: 254M
 Heap Max Capacity: 1G
 Pre-touch: Disabled
 Parallel Workers: 8
 Concurrent Workers: 2
 Concurrent Refinement Workers: 8
 Periodic GC: Disabled

Heap:
 garbage-first heap   total reserved 1048576K, committed 691200K, used 674816K [0x00000000c0000000, 0x0000000100000000)
  region size 1024K, 29 young (29696K), 5 survivors (5120K)

Heap Regions: E=young(eden), S=young(survivor), O=old, HS=humongous(starts), HC=humongous(continues), CS=collection set, F=free, TAMS=top-at-mark-start, PB=parsable bottom
|   0|0x00000000c0000000, 0x00000000c0100000, 0x00000000c0100000|100%|HS|  |TAMS 0x00000000c0100000| PB 0x00000000c0000000| Complete |  0
|   1|0x00000000c0100000, 0x00000000c0200000, 0x00000000c0200000|100%|HC|  |TAMS 0x00000000c0200000| PB 0x00000000c0100000| Complete |  0
|   2|0x00000000c0200000, 0x00000000c0300000, 0x00000000c0300000|100%|HC|  |TAMS 0x00000000c0300000| PB 0x00000000c0200000| Complete |  0
|   3|0x00000000c0300000, 0x00000000c0400000, 0x00000000c0400000|100%|HC|  |TAMS 0x00000000c0400000| PB 0x00000000c0300000| Complete |  0
|   4|0x00000000c0400000, 0x00000000c0500000, 0x00000000c0500000|100%| O|  |TAMS 0x00000000c0500000| PB 0x00000000c0500000| Untracked |  0
|   5|0x00000000c0500000, 0x00000000c0600000, 0x00000000c0600000|100%| O|  |TAMS 0x00000000c0600000| PB 0x00000000c0600000| Untracked |  0
|   6|0x00000000c0600000, 0x00000000c0700000, 0x00000000c0700000|100%|HS|  |TAMS 0x00000000c0700000| PB 0x00000000c0600000| Complete |  0
|   7|0x00000000c0700000, 0x00000000c0800000, 0x00000000c0800000|100%| O|  |TAMS 0x00000000c0800000| PB 0x00000000c0800000| Untracked |  0
|   8|0x00000000c0800000, 0x00000000c0900000, 0x00000000c0900000|100%| O|  |TAMS 0x00000000c0900000| PB 0x00000000c0900000| Untracked |  0
|   9|0x00000000c0900000, 0x00000000c0a00000, 0x00000000c0a00000|100%| O|  |TAMS 0x00000000c0a00000| PB 0x00000000c0a00000| Untracked |  0
|  10|0x00000000c0a00000, 0x00000000c0b00000, 0x00000000c0b00000|100%| O|  |TAMS 0x00000000c0b00000| PB 0x00000000c0b00000| Untracked |  0
|  11|0x00000000c0b00000, 0x00000000c0c00000, 0x00000000c0c00000|100%| O|  |TAMS 0x00000000c0c00000| PB 0x00000000c0c00000| Untracked |  0
|  12|0x00000000c0c00000, 0x00000000c0d00000, 0x00000000c0d00000|100%| O|  |TAMS 0x00000000c0d00000| PB 0x00000000c0d00000| Untracked |  0
|  13|0x00000000c0d00000, 0x00000000c0e00000, 0x00000000c0e00000|100%| O|  |TAMS 0x00000000c0e00000| PB 0x00000000c0e00000| Untracked |  0
|  14|0x00000000c0e00000, 0x00000000c0f00000, 0x00000000c0f00000|100%| O|  |TAMS 0x00000000c0f00000| PB 0x00000000c0f00000| Untracked |  0
|  15|0x00000000c0f00000, 0x00000000c1000000, 0x00000000c1000000|100%| O|  |TAMS 0x00000000c1000000| PB 0x00000000c1000000| Untracked |  0
|  16|0x00000000c1000000, 0x00000000c1100000, 0x00000000c1100000|100%| O|  |TAMS 0x00000000c1100000| PB 0x00000000c1100000| Untracked |  0
|  17|0x00000000c1100000, 0x00000000c1200000, 0x00000000c1200000|100%| O|  |TAMS 0x00000000c1200000| PB 0x00000000c1200000| Untracked |  0
|  18|0x00000000c1200000, 0x00000000c1300000, 0x00000000c1300000|100%| O|  |TAMS 0x00000000c1300000| PB 0x00000000c1300000| Untracked |  0
|  19|0x00000000c1300000, 0x00000000c1400000, 0x00000000c1400000|100%| O|  |TAMS 0x00000000c1400000| PB 0x00000000c1400000| Untracked |  0
|  20|0x00000000c1400000, 0x00000000c1500000, 0x00000000c1500000|100%| O|  |TAMS 0x00000000c1500000| PB 0x00000000c1500000| Untracked |  0
|  21|0x00000000c1500000, 0x00000000c1600000, 0x00000000c1600000|100%| O|  |TAMS 0x00000000c1600000| PB 0x00000000c1600000| Untracked |  0
|  22|0x00000000c1600000, 0x00000000c1700000, 0x00000000c1700000|100%| O|  |TAMS 0x00000000c1700000| PB 0x00000000c1700000| Untracked |  0
|  23|0x00000000c1700000, 0x00000000c1800000, 0x00000000c1800000|100%| O|  |TAMS 0x00000000c1800000| PB 0x00000000c1800000| Untracked |  0
|  24|0x00000000c1800000, 0x00000000c1900000, 0x00000000c1900000|100%|HS|  |TAMS 0x00000000c1900000| PB 0x00000000c1800000| Complete |  0
|  25|0x00000000c1900000, 0x00000000c1a00000, 0x00000000c1a00000|100%|HS|  |TAMS 0x00000000c1a00000| PB 0x00000000c1900000| Complete |  0
|  26|0x00000000c1a00000, 0x00000000c1b00000, 0x00000000c1b00000|100%| O|  |TAMS 0x00000000c1b00000| PB 0x00000000c1b00000| Untracked |  0
|  27|0x00000000c1b00000, 0x00000000c1c00000, 0x00000000c1c00000|100%|HS|  |TAMS 0x00000000c1c00000| PB 0x00000000c1b00000| Complete |  0
|  28|0x00000000c1c00000, 0x00000000c1d00000, 0x00000000c1d00000|100%|HS|  |TAMS 0x00000000c1d00000| PB 0x00000000c1c00000| Complete |  0
|  29|0x00000000c1d00000, 0x00000000c1e00000, 0x00000000c1e00000|100%|HC|  |TAMS 0x00000000c1e00000| PB 0x00000000c1d00000| Complete |  0
|  30|0x00000000c1e00000, 0x00000000c1f00000, 0x00000000c1f00000|100%|HS|  |TAMS 0x00000000c1f00000| PB 0x00000000c1e00000| Complete |  0
|  31|0x00000000c1f00000, 0x00000000c2000000, 0x00000000c2000000|100%|HS|  |TAMS 0x00000000c2000000| PB 0x00000000c1f00000| Complete |  0
|  32|0x00000000c2000000, 0x00000000c2100000, 0x00000000c2100000|100%|HS|  |TAMS 0x00000000c2100000| PB 0x00000000c2000000| Complete |  0
|  33|0x00000000c2100000, 0x00000000c2200000, 0x00000000c2200000|100%|HC|  |TAMS 0x00000000c2200000| PB 0x00000000c2100000| Complete |  0
|  34|0x00000000c2200000, 0x00000000c2300000, 0x00000000c2300000|100%| O|  |TAMS 0x00000000c2300000| PB 0x00000000c2300000| Untracked |  0
|  35|0x00000000c2300000, 0x00000000c2400000, 0x00000000c2400000|100%| O|  |TAMS 0x00000000c2400000| PB 0x00000000c2400000| Untracked |  0
|  36|0x00000000c2400000, 0x00000000c2500000, 0x00000000c2500000|100%| O|  |TAMS 0x00000000c2500000| PB 0x00000000c2500000| Untracked |  0
|  37|0x00000000c2500000, 0x00000000c2600000, 0x00000000c2600000|100%| O|  |TAMS 0x00000000c2600000| PB 0x00000000c2600000| Untracked |  0
|  38|0x00000000c2600000, 0x00000000c2700000, 0x00000000c2700000|100%| O|  |TAMS 0x00000000c2700000| PB 0x00000000c2700000| Untracked |  0
|  39|0x00000000c2700000, 0x00000000c2800000, 0x00000000c2800000|100%| O|  |TAMS 0x00000000c2800000| PB 0x00000000c2800000| Untracked |  0
|  40|0x00000000c2800000, 0x00000000c2900000, 0x00000000c2900000|100%| O|  |TAMS 0x00000000c2900000| PB 0x00000000c2900000| Untracked |  0
|  41|0x00000000c2900000, 0x00000000c2a00000, 0x00000000c2a00000|100%| O|  |TAMS 0x00000000c2a00000| PB 0x00000000c2a00000| Untracked |  0
|  42|0x00000000c2a00000, 0x00000000c2b00000, 0x00000000c2b00000|100%| O|  |TAMS 0x00000000c2b00000| PB 0x00000000c2b00000| Untracked |  0
|  43|0x00000000c2b00000, 0x00000000c2c00000, 0x00000000c2c00000|100%| O|  |TAMS 0x00000000c2c00000| PB 0x00000000c2c00000| Untracked |  0
|  44|0x00000000c2c00000, 0x00000000c2d00000, 0x00000000c2d00000|100%|HS|  |TAMS 0x00000000c2d00000| PB 0x00000000c2c00000| Complete |  0
|  45|0x00000000c2d00000, 0x00000000c2e00000, 0x00000000c2e00000|100%|HS|  |TAMS 0x00000000c2e00000| PB 0x00000000c2d00000| Complete |  0
|  46|0x00000000c2e00000, 0x00000000c2f00000, 0x00000000c2f00000|100%| O|  |TAMS 0x00000000c2f00000| PB 0x00000000c2f00000| Untracked |  0
|  47|0x00000000c2f00000, 0x00000000c3000000, 0x00000000c3000000|100%| O|  |TAMS 0x00000000c3000000| PB 0x00000000c3000000| Untracked |  0
|  48|0x00000000c3000000, 0x00000000c3100000, 0x00000000c3100000|100%| O|  |TAMS 0x00000000c3100000| PB 0x00000000c3100000| Untracked |  0
|  49|0x00000000c3100000, 0x00000000c3200000, 0x00000000c3200000|100%| O|  |TAMS 0x00000000c3200000| PB 0x00000000c3200000| Untracked |  0
|  50|0x00000000c3200000, 0x00000000c3300000, 0x00000000c3300000|100%| O|  |TAMS 0x00000000c3300000| PB 0x00000000c3300000| Untracked |  0
|  51|0x00000000c3300000, 0x00000000c3400000, 0x00000000c3400000|100%| O|  |TAMS 0x00000000c3400000| PB 0x00000000c3400000| Untracked |  0
|  52|0x00000000c3400000, 0x00000000c3500000, 0x00000000c3500000|100%| O|  |TAMS 0x00000000c3500000| PB 0x00000000c3500000| Untracked |  0
|  53|0x00000000c3500000, 0x00000000c3600000, 0x00000000c3600000|100%| O|  |TAMS 0x00000000c3600000| PB 0x00000000c3600000| Untracked |  0
|  54|0x00000000c3600000, 0x00000000c3700000, 0x00000000c3700000|100%| O|  |TAMS 0x00000000c3700000| PB 0x00000000c3700000| Untracked |  0
|  55|0x00000000c3700000, 0x00000000c3800000, 0x00000000c3800000|100%|HS|  |TAMS 0x00000000c3800000| PB 0x00000000c3700000| Complete |  0
|  56|0x00000000c3800000, 0x00000000c3900000, 0x00000000c3900000|100%| O|  |TAMS 0x00000000c3900000| PB 0x00000000c3900000| Untracked |  0
|  57|0x00000000c3900000, 0x00000000c3a00000, 0x00000000c3a00000|100%| O|  |TAMS 0x00000000c3a00000| PB 0x00000000c3a00000| Untracked |  0
|  58|0x00000000c3a00000, 0x00000000c3b00000, 0x00000000c3b00000|100%| O|  |TAMS 0x00000000c3b00000| PB 0x00000000c3b00000| Untracked |  0
|  59|0x00000000c3b00000, 0x00000000c3c00000, 0x00000000c3c00000|100%| O|  |TAMS 0x00000000c3c00000| PB 0x00000000c3c00000| Untracked |  0
|  60|0x00000000c3c00000, 0x00000000c3d00000, 0x00000000c3d00000|100%| O|  |TAMS 0x00000000c3d00000| PB 0x00000000c3d00000| Untracked |  0
|  61|0x00000000c3d00000, 0x00000000c3e00000, 0x00000000c3e00000|100%| O|  |TAMS 0x00000000c3e00000| PB 0x00000000c3e00000| Untracked |  0
|  62|0x00000000c3e00000, 0x00000000c3f00000, 0x00000000c3f00000|100%| O|  |TAMS 0x00000000c3f00000| PB 0x00000000c3f00000| Untracked |  0
|  63|0x00000000c3f00000, 0x00000000c4000000, 0x00000000c4000000|100%| O|  |TAMS 0x00000000c4000000| PB 0x00000000c4000000| Untracked |  0
|  64|0x00000000c4000000, 0x00000000c4100000, 0x00000000c4100000|100%| O|  |TAMS 0x00000000c4100000| PB 0x00000000c4100000| Untracked |  0
|  65|0x00000000c4100000, 0x00000000c4200000, 0x00000000c4200000|100%| O|  |TAMS 0x00000000c4200000| PB 0x00000000c4200000| Untracked |  0
|  66|0x00000000c4200000, 0x00000000c4200000, 0x00000000c4300000|  0%| F|  |TAMS 0x00000000c4200000| PB 0x00000000c4200000| Untracked |  0
|  67|0x00000000c4300000, 0x00000000c4400000, 0x00000000c4400000|100%| O|  |TAMS 0x00000000c4300000| PB 0x00000000c4300000| Untracked |  0
|  68|0x00000000c4400000, 0x00000000c4500000, 0x00000000c4500000|100%| O|  |TAMS 0x00000000c4500000| PB 0x00000000c4500000| Untracked |  0
|  69|0x00000000c4500000, 0x00000000c4600000, 0x00000000c4600000|100%| O|  |TAMS 0x00000000c4600000| PB 0x00000000c4600000| Untracked |  0
|  70|0x00000000c4600000, 0x00000000c4700000, 0x00000000c4700000|100%| O|  |TAMS 0x00000000c4700000| PB 0x00000000c4700000| Untracked |  0
|  71|0x00000000c4700000, 0x00000000c4800000, 0x00000000c4800000|100%| O|  |TAMS 0x00000000c4700000| PB 0x00000000c4700000| Untracked |  0
|  72|0x00000000c4800000, 0x00000000c4900000, 0x00000000c4900000|100%| O|  |TAMS 0x00000000c4900000| PB 0x00000000c4900000| Untracked |  0
|  73|0x00000000c4900000, 0x00000000c4a00000, 0x00000000c4a00000|100%| O|  |TAMS 0x00000000c4a00000| PB 0x00000000c4a00000| Untracked |  0
|  74|0x00000000c4a00000, 0x00000000c4b00000, 0x00000000c4b00000|100%| O|  |TAMS 0x00000000c4b00000| PB 0x00000000c4b00000| Untracked |  0
|  75|0x00000000c4b00000, 0x00000000c4c00000, 0x00000000c4c00000|100%| O|  |TAMS 0x00000000c4c00000| PB 0x00000000c4c00000| Untracked |  0
|  76|0x00000000c4c00000, 0x00000000c4d00000, 0x00000000c4d00000|100%|HS|  |TAMS 0x00000000c4d00000| PB 0x00000000c4c00000| Complete |  0
|  77|0x00000000c4d00000, 0x00000000c4e00000, 0x00000000c4e00000|100%|HS|  |TAMS 0x00000000c4e00000| PB 0x00000000c4d00000| Complete |  0
|  78|0x00000000c4e00000, 0x00000000c4f00000, 0x00000000c4f00000|100%| O|  |TAMS 0x00000000c4f00000| PB 0x00000000c4f00000| Untracked |  0
|  79|0x00000000c4f00000, 0x00000000c5000000, 0x00000000c5000000|100%| O|  |TAMS 0x00000000c5000000| PB 0x00000000c5000000| Untracked |  0
|  80|0x00000000c5000000, 0x00000000c5100000, 0x00000000c5100000|100%| O|  |TAMS 0x00000000c5100000| PB 0x00000000c5100000| Untracked |  0
|  81|0x00000000c5100000, 0x00000000c5200000, 0x00000000c5200000|100%|HS|  |TAMS 0x00000000c5200000| PB 0x00000000c5100000| Complete |  0
|  82|0x00000000c5200000, 0x00000000c5300000, 0x00000000c5300000|100%| O|  |TAMS 0x00000000c5300000| PB 0x00000000c5300000| Untracked |  0
|  83|0x00000000c5300000, 0x00000000c5400000, 0x00000000c5400000|100%|HS|  |TAMS 0x00000000c5400000| PB 0x00000000c5300000| Complete |  0
|  84|0x00000000c5400000, 0x00000000c5500000, 0x00000000c5500000|100%|HS|  |TAMS 0x00000000c5500000| PB 0x00000000c5400000| Complete |  0
|  85|0x00000000c5500000, 0x00000000c5600000, 0x00000000c5600000|100%| O|  |TAMS 0x00000000c5600000| PB 0x00000000c5600000| Untracked |  0
|  86|0x00000000c5600000, 0x00000000c5700000, 0x00000000c5700000|100%| O|  |TAMS 0x00000000c5700000| PB 0x00000000c5700000| Untracked |  0
|  87|0x00000000c5700000, 0x00000000c5800000, 0x00000000c5800000|100%| O|  |TAMS 0x00000000c5800000| PB 0x00000000c5800000| Untracked |  0
|  88|0x00000000c5800000, 0x00000000c5800000, 0x00000000c5900000|  0%| F|  |TAMS 0x00000000c5800000| PB 0x00000000c5800000| Untracked |  0
|  89|0x00000000c5900000, 0x00000000c5900000, 0x00000000c5a00000|  0%| F|  |TAMS 0x00000000c5900000| PB 0x00000000c5900000| Untracked |  0
|  90|0x00000000c5a00000, 0x00000000c5b00000, 0x00000000c5b00000|100%|HS|  |TAMS 0x00000000c5b00000| PB 0x00000000c5a00000| Complete |  0
|  91|0x00000000c5b00000, 0x00000000c5c00000, 0x00000000c5c00000|100%|HC|  |TAMS 0x00000000c5c00000| PB 0x00000000c5b00000| Complete |  0
|  92|0x00000000c5c00000, 0x00000000c5d00000, 0x00000000c5d00000|100%| O|  |TAMS 0x00000000c5d00000| PB 0x00000000c5d00000| Untracked |  0
|  93|0x00000000c5d00000, 0x00000000c5e00000, 0x00000000c5e00000|100%| O|  |TAMS 0x00000000c5e00000| PB 0x00000000c5e00000| Untracked |  0
|  94|0x00000000c5e00000, 0x00000000c5f00000, 0x00000000c5f00000|100%| O|  |TAMS 0x00000000c5f00000| PB 0x00000000c5f00000| Untracked |  0
|  95|0x00000000c5f00000, 0x00000000c6000000, 0x00000000c6000000|100%| O|  |TAMS 0x00000000c6000000| PB 0x00000000c6000000| Untracked |  0
|  96|0x00000000c6000000, 0x00000000c6100000, 0x00000000c6100000|100%| O|  |TAMS 0x00000000c6100000| PB 0x00000000c6100000| Untracked |  0
|  97|0x00000000c6100000, 0x00000000c6200000, 0x00000000c6200000|100%| O|  |TAMS 0x00000000c6200000| PB 0x00000000c6200000| Untracked |  0
|  98|0x00000000c6200000, 0x00000000c6300000, 0x00000000c6300000|100%| O|  |TAMS 0x00000000c6300000| PB 0x00000000c6300000| Untracked |  0
|  99|0x00000000c6300000, 0x00000000c6400000, 0x00000000c6400000|100%| O|  |TAMS 0x00000000c6400000| PB 0x00000000c6400000| Untracked |  0
| 100|0x00000000c6400000, 0x00000000c6500000, 0x00000000c6500000|100%|HS|  |TAMS 0x00000000c6500000| PB 0x00000000c6400000| Complete |  0
| 101|0x00000000c6500000, 0x00000000c6600000, 0x00000000c6600000|100%|HC|  |TAMS 0x00000000c6600000| PB 0x00000000c6500000| Complete |  0
| 102|0x00000000c6600000, 0x00000000c6700000, 0x00000000c6700000|100%|HS|  |TAMS 0x00000000c6700000| PB 0x00000000c6600000| Complete |  0
| 103|0x00000000c6700000, 0x00000000c6800000, 0x00000000c6800000|100%|HC|  |TAMS 0x00000000c6800000| PB 0x00000000c6700000| Complete |  0
| 104|0x00000000c6800000, 0x00000000c6900000, 0x00000000c6900000|100%| O|  |TAMS 0x00000000c6900000| PB 0x00000000c6900000| Untracked |  0
| 105|0x00000000c6900000, 0x00000000c6a00000, 0x00000000c6a00000|100%|HS|  |TAMS 0x00000000c6a00000| PB 0x00000000c6900000| Complete |  0
| 106|0x00000000c6a00000, 0x00000000c6b00000, 0x00000000c6b00000|100%| O|  |TAMS 0x00000000c6b00000| PB 0x00000000c6b00000| Untracked |  0
| 107|0x00000000c6b00000, 0x00000000c6c00000, 0x00000000c6c00000|100%| O|  |TAMS 0x00000000c6c00000| PB 0x00000000c6c00000| Untracked |  0
| 108|0x00000000c6c00000, 0x00000000c6d00000, 0x00000000c6d00000|100%| O|  |TAMS 0x00000000c6d00000| PB 0x00000000c6d00000| Untracked |  0
| 109|0x00000000c6d00000, 0x00000000c6e00000, 0x00000000c6e00000|100%| O|  |TAMS 0x00000000c6e00000| PB 0x00000000c6e00000| Untracked |  0
| 110|0x00000000c6e00000, 0x00000000c6f00000, 0x00000000c6f00000|100%| O|  |TAMS 0x00000000c6f00000| PB 0x00000000c6f00000| Untracked |  0
| 111|0x00000000c6f00000, 0x00000000c7000000, 0x00000000c7000000|100%| O|  |TAMS 0x00000000c7000000| PB 0x00000000c7000000| Untracked |  0
| 112|0x00000000c7000000, 0x00000000c7100000, 0x00000000c7100000|100%| O|  |TAMS 0x00000000c7000000| PB 0x00000000c7000000| Untracked |  0
| 113|0x00000000c7100000, 0x00000000c7200000, 0x00000000c7200000|100%| O|  |TAMS 0x00000000c7200000| PB 0x00000000c7200000| Untracked |  0
| 114|0x00000000c7200000, 0x00000000c7300000, 0x00000000c7300000|100%| O|  |TAMS 0x00000000c7300000| PB 0x00000000c7300000| Untracked |  0
| 115|0x00000000c7300000, 0x00000000c7400000, 0x00000000c7400000|100%| O|  |TAMS 0x00000000c7400000| PB 0x00000000c7400000| Untracked |  0
| 116|0x00000000c7400000, 0x00000000c7500000, 0x00000000c7500000|100%| O|  |TAMS 0x00000000c7500000| PB 0x00000000c7500000| Untracked |  0
| 117|0x00000000c7500000, 0x00000000c7600000, 0x00000000c7600000|100%| O|  |TAMS 0x00000000c7600000| PB 0x00000000c7600000| Untracked |  0
| 118|0x00000000c7600000, 0x00000000c7700000, 0x00000000c7700000|100%| O|  |TAMS 0x00000000c7700000| PB 0x00000000c7700000| Untracked |  0
| 119|0x00000000c7700000, 0x00000000c7800000, 0x00000000c7800000|100%| O|  |TAMS 0x00000000c7800000| PB 0x00000000c7800000| Untracked |  0
| 120|0x00000000c7800000, 0x00000000c7900000, 0x00000000c7900000|100%| O|  |TAMS 0x00000000c7900000| PB 0x00000000c7900000| Untracked |  0
| 121|0x00000000c7900000, 0x00000000c7a00000, 0x00000000c7a00000|100%| O|  |TAMS 0x00000000c7a00000| PB 0x00000000c7a00000| Untracked |  0
| 122|0x00000000c7a00000, 0x00000000c7b00000, 0x00000000c7b00000|100%| O|  |TAMS 0x00000000c7b00000| PB 0x00000000c7b00000| Untracked |  0
| 123|0x00000000c7b00000, 0x00000000c7c00000, 0x00000000c7c00000|100%| O|  |TAMS 0x00000000c7c00000| PB 0x00000000c7c00000| Untracked |  0
| 124|0x00000000c7c00000, 0x00000000c7d00000, 0x00000000c7d00000|100%| O|  |TAMS 0x00000000c7c00000| PB 0x00000000c7c00000| Untracked |  0
| 125|0x00000000c7d00000, 0x00000000c7e00000, 0x00000000c7e00000|100%| O|  |TAMS 0x00000000c7e00000| PB 0x00000000c7e00000| Untracked |  0
| 126|0x00000000c7e00000, 0x00000000c7f00000, 0x00000000c7f00000|100%| O|  |TAMS 0x00000000c7f00000| PB 0x00000000c7f00000| Untracked |  0
| 127|0x00000000c7f00000, 0x00000000c8000000, 0x00000000c8000000|100%| O|  |TAMS 0x00000000c8000000| PB 0x00000000c8000000| Untracked |  0
| 128|0x00000000c8000000, 0x00000000c8100000, 0x00000000c8100000|100%| O|  |TAMS 0x00000000c8100000| PB 0x00000000c8100000| Untracked |  0
| 129|0x00000000c8100000, 0x00000000c8200000, 0x00000000c8200000|100%| O|  |TAMS 0x00000000c8200000| PB 0x00000000c8200000| Untracked |  0
| 130|0x00000000c8200000, 0x00000000c8300000, 0x00000000c8300000|100%| O|  |TAMS 0x00000000c8300000| PB 0x00000000c8300000| Untracked |  0
| 131|0x00000000c8300000, 0x00000000c8400000, 0x00000000c8400000|100%|HS|  |TAMS 0x00000000c8400000| PB 0x00000000c8300000| Complete |  0
| 132|0x00000000c8400000, 0x00000000c8500000, 0x00000000c8500000|100%| O|  |TAMS 0x00000000c8500000| PB 0x00000000c8500000| Untracked |  0
| 133|0x00000000c8500000, 0x00000000c8600000, 0x00000000c8600000|100%| O|  |TAMS 0x00000000c8500000| PB 0x00000000c8500000| Untracked |  0
| 134|0x00000000c8600000, 0x00000000c8700000, 0x00000000c8700000|100%| O|  |TAMS 0x00000000c8700000| PB 0x00000000c8700000| Untracked |  0
| 135|0x00000000c8700000, 0x00000000c8800000, 0x00000000c8800000|100%| O|  |TAMS 0x00000000c8700000| PB 0x00000000c8700000| Untracked |  0
| 136|0x00000000c8800000, 0x00000000c8900000, 0x00000000c8900000|100%| O|  |TAMS 0x00000000c8900000| PB 0x00000000c8900000| Untracked |  0
| 137|0x00000000c8900000, 0x00000000c8a00000, 0x00000000c8a00000|100%| O|  |TAMS 0x00000000c8a00000| PB 0x00000000c8a00000| Untracked |  0
| 138|0x00000000c8a00000, 0x00000000c8b00000, 0x00000000c8b00000|100%| O|  |TAMS 0x00000000c8b00000| PB 0x00000000c8b00000| Untracked |  0
| 139|0x00000000c8b00000, 0x00000000c8c00000, 0x00000000c8c00000|100%| O|  |TAMS 0x00000000c8c00000| PB 0x00000000c8c00000| Untracked |  0
| 140|0x00000000c8c00000, 0x00000000c8d00000, 0x00000000c8d00000|100%| O|Cm|TAMS 0x00000000c8d00000| PB 0x00000000c8d00000| Updating |  0
| 141|0x00000000c8d00000, 0x00000000c8e00000, 0x00000000c8e00000|100%| O|  |TAMS 0x00000000c8e00000| PB 0x00000000c8e00000| Untracked |  0
| 142|0x00000000c8e00000, 0x00000000c8f00000, 0x00000000c8f00000|100%| O|Cm|TAMS 0x00000000c8f00000| PB 0x00000000c8f00000| Updating |  0
| 143|0x00000000c8f00000, 0x00000000c9000000, 0x00000000c9000000|100%| O|  |TAMS 0x00000000c9000000| PB 0x00000000c9000000| Untracked |  0
| 144|0x00000000c9000000, 0x00000000c9100000, 0x00000000c9100000|100%|HS|  |TAMS 0x00000000c9100000| PB 0x00000000c9000000| Complete |  0
| 145|0x00000000c9100000, 0x00000000c9200000, 0x00000000c9200000|100%|HC|  |TAMS 0x00000000c9200000| PB 0x00000000c9100000| Complete |  0
| 146|0x00000000c9200000, 0x00000000c9300000, 0x00000000c9300000|100%|HC|  |TAMS 0x00000000c9300000| PB 0x00000000c9200000| Complete |  0
| 147|0x00000000c9300000, 0x00000000c9400000, 0x00000000c9400000|100%|HC|  |TAMS 0x00000000c9400000| PB 0x00000000c9300000| Complete |  0
| 148|0x00000000c9400000, 0x00000000c9500000, 0x00000000c9500000|100%|HC|  |TAMS 0x00000000c9500000| PB 0x00000000c9400000| Complete |  0
| 149|0x00000000c9500000, 0x00000000c9600000, 0x00000000c9600000|100%|HC|  |TAMS 0x00000000c9600000| PB 0x00000000c9500000| Complete |  0
| 150|0x00000000c9600000, 0x00000000c9700000, 0x00000000c9700000|100%|HC|  |TAMS 0x00000000c9700000| PB 0x00000000c9600000| Complete |  0
| 151|0x00000000c9700000, 0x00000000c9800000, 0x00000000c9800000|100%| O|  |TAMS 0x00000000c9800000| PB 0x00000000c9800000| Untracked |  0
| 152|0x00000000c9800000, 0x00000000c9900000, 0x00000000c9900000|100%| O|Cm|TAMS 0x00000000c9900000| PB 0x00000000c9900000| Updating |  0
| 153|0x00000000c9900000, 0x00000000c9a00000, 0x00000000c9a00000|100%| O|Cm|TAMS 0x00000000c9a00000| PB 0x00000000c9a00000| Updating |  0
| 154|0x00000000c9a00000, 0x00000000c9b00000, 0x00000000c9b00000|100%| O|  |TAMS 0x00000000c9b00000| PB 0x00000000c9b00000| Untracked |  0
| 155|0x00000000c9b00000, 0x00000000c9c00000, 0x00000000c9c00000|100%| O|  |TAMS 0x00000000c9b00000| PB 0x00000000c9b00000| Untracked |  0
| 156|0x00000000c9c00000, 0x00000000c9d00000, 0x00000000c9d00000|100%| O|  |TAMS 0x00000000c9d00000| PB 0x00000000c9d00000| Untracked |  0
| 157|0x00000000c9d00000, 0x00000000c9e00000, 0x00000000c9e00000|100%| O|  |TAMS 0x00000000c9e00000| PB 0x00000000c9e00000| Untracked |  0
| 158|0x00000000c9e00000, 0x00000000c9f00000, 0x00000000c9f00000|100%| O|  |TAMS 0x00000000c9f00000| PB 0x00000000c9f00000| Untracked |  0
| 159|0x00000000c9f00000, 0x00000000ca000000, 0x00000000ca000000|100%| O|  |TAMS 0x00000000ca000000| PB 0x00000000ca000000| Untracked |  0
| 160|0x00000000ca000000, 0x00000000ca100000, 0x00000000ca100000|100%| O|  |TAMS 0x00000000ca000000| PB 0x00000000ca000000| Untracked |  0
| 161|0x00000000ca100000, 0x00000000ca200000, 0x00000000ca200000|100%| O|  |TAMS 0x00000000ca200000| PB 0x00000000ca200000| Untracked |  0
| 162|0x00000000ca200000, 0x00000000ca300000, 0x00000000ca300000|100%| O|  |TAMS 0x00000000ca300000| PB 0x00000000ca300000| Untracked |  0
| 163|0x00000000ca300000, 0x00000000ca400000, 0x00000000ca400000|100%|HS|  |TAMS 0x00000000ca400000| PB 0x00000000ca300000| Complete |  0
| 164|0x00000000ca400000, 0x00000000ca500000, 0x00000000ca500000|100%|HC|  |TAMS 0x00000000ca500000| PB 0x00000000ca400000| Complete |  0
| 165|0x00000000ca500000, 0x00000000ca600000, 0x00000000ca600000|100%|HC|  |TAMS 0x00000000ca600000| PB 0x00000000ca500000| Complete |  0
| 166|0x00000000ca600000, 0x00000000ca700000, 0x00000000ca700000|100%|HC|  |TAMS 0x00000000ca700000| PB 0x00000000ca600000| Complete |  0
| 167|0x00000000ca700000, 0x00000000ca800000, 0x00000000ca800000|100%|HC|  |TAMS 0x00000000ca800000| PB 0x00000000ca700000| Complete |  0
| 168|0x00000000ca800000, 0x00000000ca900000, 0x00000000ca900000|100%|HC|  |TAMS 0x00000000ca900000| PB 0x00000000ca800000| Complete |  0
| 169|0x00000000ca900000, 0x00000000caa00000, 0x00000000caa00000|100%|HS|  |TAMS 0x00000000caa00000| PB 0x00000000ca900000| Complete |  0
| 170|0x00000000caa00000, 0x00000000cab00000, 0x00000000cab00000|100%|HC|  |TAMS 0x00000000cab00000| PB 0x00000000caa00000| Complete |  0
| 171|0x00000000cab00000, 0x00000000cac00000, 0x00000000cac00000|100%|HS|  |TAMS 0x00000000cac00000| PB 0x00000000cab00000| Complete |  0
| 172|0x00000000cac00000, 0x00000000cad00000, 0x00000000cad00000|100%|HC|  |TAMS 0x00000000cad00000| PB 0x00000000cac00000| Complete |  0
| 173|0x00000000cad00000, 0x00000000cae00000, 0x00000000cae00000|100%|HC|  |TAMS 0x00000000cae00000| PB 0x00000000cad00000| Complete |  0
| 174|0x00000000cae00000, 0x00000000caf00000, 0x00000000caf00000|100%|HC|  |TAMS 0x00000000caf00000| PB 0x00000000cae00000| Complete |  0
| 175|0x00000000caf00000, 0x00000000cb000000, 0x00000000cb000000|100%|HC|  |TAMS 0x00000000cb000000| PB 0x00000000caf00000| Complete |  0
| 176|0x00000000cb000000, 0x00000000cb100000, 0x00000000cb100000|100%|HS|  |TAMS 0x00000000cb100000| PB 0x00000000cb000000| Complete |  0
| 177|0x00000000cb100000, 0x00000000cb200000, 0x00000000cb200000|100%|HS|  |TAMS 0x00000000cb200000| PB 0x00000000cb100000| Complete |  0
| 178|0x00000000cb200000, 0x00000000cb300000, 0x00000000cb300000|100%|HS|  |TAMS 0x00000000cb300000| PB 0x00000000cb200000| Complete |  0
| 179|0x00000000cb300000, 0x00000000cb400000, 0x00000000cb400000|100%|HC|  |TAMS 0x00000000cb400000| PB 0x00000000cb300000| Complete |  0
| 180|0x00000000cb400000, 0x00000000cb500000, 0x00000000cb500000|100%|HC|  |TAMS 0x00000000cb500000| PB 0x00000000cb400000| Complete |  0
| 181|0x00000000cb500000, 0x00000000cb600000, 0x00000000cb600000|100%|HC|  |TAMS 0x00000000cb600000| PB 0x00000000cb500000| Complete |  0
| 182|0x00000000cb600000, 0x00000000cb700000, 0x00000000cb700000|100%|HC|  |TAMS 0x00000000cb700000| PB 0x00000000cb600000| Complete |  0
| 183|0x00000000cb700000, 0x00000000cb800000, 0x00000000cb800000|100%|HC|  |TAMS 0x00000000cb800000| PB 0x00000000cb700000| Complete |  0
| 184|0x00000000cb800000, 0x00000000cb900000, 0x00000000cb900000|100%|HC|  |TAMS 0x00000000cb900000| PB 0x00000000cb800000| Complete |  0
| 185|0x00000000cb900000, 0x00000000cba00000, 0x00000000cba00000|100%|HC|  |TAMS 0x00000000cba00000| PB 0x00000000cb900000| Complete |  0
| 186|0x00000000cba00000, 0x00000000cbb00000, 0x00000000cbb00000|100%|HC|  |TAMS 0x00000000cbb00000| PB 0x00000000cba00000| Complete |  0
| 187|0x00000000cbb00000, 0x00000000cbc00000, 0x00000000cbc00000|100%|HC|  |TAMS 0x00000000cbc00000| PB 0x00000000cbb00000| Complete |  0
| 188|0x00000000cbc00000, 0x00000000cbd00000, 0x00000000cbd00000|100%|HC|  |TAMS 0x00000000cbd00000| PB 0x00000000cbc00000| Complete |  0
| 189|0x00000000cbd00000, 0x00000000cbe00000, 0x00000000cbe00000|100%|HC|  |TAMS 0x00000000cbe00000| PB 0x00000000cbd00000| Complete |  0
| 190|0x00000000cbe00000, 0x00000000cbf00000, 0x00000000cbf00000|100%|HC|  |TAMS 0x00000000cbf00000| PB 0x00000000cbe00000| Complete |  0
| 191|0x00000000cbf00000, 0x00000000cc000000, 0x00000000cc000000|100%|HC|  |TAMS 0x00000000cc000000| PB 0x00000000cbf00000| Complete |  0
| 192|0x00000000cc000000, 0x00000000cc100000, 0x00000000cc100000|100%|HC|  |TAMS 0x00000000cc100000| PB 0x00000000cc000000| Complete |  0
| 193|0x00000000cc100000, 0x00000000cc200000, 0x00000000cc200000|100%|HC|  |TAMS 0x00000000cc200000| PB 0x00000000cc100000| Complete |  0
| 194|0x00000000cc200000, 0x00000000cc300000, 0x00000000cc300000|100%|HC|  |TAMS 0x00000000cc300000| PB 0x00000000cc200000| Complete |  0
| 195|0x00000000cc300000, 0x00000000cc400000, 0x00000000cc400000|100%|HC|  |TAMS 0x00000000cc400000| PB 0x00000000cc300000| Complete |  0
| 196|0x00000000cc400000, 0x00000000cc500000, 0x00000000cc500000|100%|HC|  |TAMS 0x00000000cc500000| PB 0x00000000cc400000| Complete |  0
| 197|0x00000000cc500000, 0x00000000cc600000, 0x00000000cc600000|100%|HC|  |TAMS 0x00000000cc600000| PB 0x00000000cc500000| Complete |  0
| 198|0x00000000cc600000, 0x00000000cc700000, 0x00000000cc700000|100%|HC|  |TAMS 0x00000000cc700000| PB 0x00000000cc600000| Complete |  0
| 199|0x00000000cc700000, 0x00000000cc800000, 0x00000000cc800000|100%|HC|  |TAMS 0x00000000cc800000| PB 0x00000000cc700000| Complete |  0
| 200|0x00000000cc800000, 0x00000000cc900000, 0x00000000cc900000|100%|HC|  |TAMS 0x00000000cc900000| PB 0x00000000cc800000| Complete |  0
| 201|0x00000000cc900000, 0x00000000cca00000, 0x00000000cca00000|100%|HC|  |TAMS 0x00000000cca00000| PB 0x00000000cc900000| Complete |  0
| 202|0x00000000cca00000, 0x00000000ccb00000, 0x00000000ccb00000|100%|HC|  |TAMS 0x00000000ccb00000| PB 0x00000000cca00000| Complete |  0
| 203|0x00000000ccb00000, 0x00000000ccc00000, 0x00000000ccc00000|100%|HC|  |TAMS 0x00000000ccc00000| PB 0x00000000ccb00000| Complete |  0
| 204|0x00000000ccc00000, 0x00000000ccd00000, 0x00000000ccd00000|100%|HC|  |TAMS 0x00000000ccd00000| PB 0x00000000ccc00000| Complete |  0
| 205|0x00000000ccd00000, 0x00000000cce00000, 0x00000000cce00000|100%|HC|  |TAMS 0x00000000cce00000| PB 0x00000000ccd00000| Complete |  0
| 206|0x00000000cce00000, 0x00000000ccf00000, 0x00000000ccf00000|100%|HC|  |TAMS 0x00000000ccf00000| PB 0x00000000cce00000| Complete |  0
| 207|0x00000000ccf00000, 0x00000000cd000000, 0x00000000cd000000|100%|HC|  |TAMS 0x00000000cd000000| PB 0x00000000ccf00000| Complete |  0
| 208|0x00000000cd000000, 0x00000000cd100000, 0x00000000cd100000|100%|HS|  |TAMS 0x00000000cd100000| PB 0x00000000cd000000| Complete |  0
| 209|0x00000000cd100000, 0x00000000cd200000, 0x00000000cd200000|100%|HS|  |TAMS 0x00000000cd200000| PB 0x00000000cd100000| Complete |  0
| 210|0x00000000cd200000, 0x00000000cd300000, 0x00000000cd300000|100%|HC|  |TAMS 0x00000000cd300000| PB 0x00000000cd200000| Complete |  0
| 211|0x00000000cd300000, 0x00000000cd400000, 0x00000000cd400000|100%|HC|  |TAMS 0x00000000cd400000| PB 0x00000000cd300000| Complete |  0
| 212|0x00000000cd400000, 0x00000000cd500000, 0x00000000cd500000|100%|HC|  |TAMS 0x00000000cd500000| PB 0x00000000cd400000| Complete |  0
| 213|0x00000000cd500000, 0x00000000cd600000, 0x00000000cd600000|100%|HS|  |TAMS 0x00000000cd600000| PB 0x00000000cd500000| Complete |  0
| 214|0x00000000cd600000, 0x00000000cd700000, 0x00000000cd700000|100%|HS|  |TAMS 0x00000000cd700000| PB 0x00000000cd600000| Complete |  0
| 215|0x00000000cd700000, 0x00000000cd800000, 0x00000000cd800000|100%|HC|  |TAMS 0x00000000cd800000| PB 0x00000000cd700000| Complete |  0
| 216|0x00000000cd800000, 0x00000000cd900000, 0x00000000cd900000|100%|HS|  |TAMS 0x00000000cd900000| PB 0x00000000cd800000| Complete |  0
| 217|0x00000000cd900000, 0x00000000cda00000, 0x00000000cda00000|100%|HC|  |TAMS 0x00000000cda00000| PB 0x00000000cd900000| Complete |  0
| 218|0x00000000cda00000, 0x00000000cdb00000, 0x00000000cdb00000|100%|HS|  |TAMS 0x00000000cdb00000| PB 0x00000000cda00000| Complete |  0
| 219|0x00000000cdb00000, 0x00000000cdc00000, 0x00000000cdc00000|100%|HS|  |TAMS 0x00000000cdc00000| PB 0x00000000cdb00000| Complete |  0
| 220|0x00000000cdc00000, 0x00000000cdd00000, 0x00000000cdd00000|100%| O|  |TAMS 0x00000000cdd00000| PB 0x00000000cdd00000| Untracked |  0
| 221|0x00000000cdd00000, 0x00000000cde00000, 0x00000000cde00000|100%|HS|  |TAMS 0x00000000cde00000| PB 0x00000000cdd00000| Complete |  0
| 222|0x00000000cde00000, 0x00000000cdf00000, 0x00000000cdf00000|100%|HC|  |TAMS 0x00000000cdf00000| PB 0x00000000cde00000| Complete |  0
| 223|0x00000000cdf00000, 0x00000000ce000000, 0x00000000ce000000|100%|HS|  |TAMS 0x00000000ce000000| PB 0x00000000cdf00000| Complete |  0
| 224|0x00000000ce000000, 0x00000000ce100000, 0x00000000ce100000|100%|HC|  |TAMS 0x00000000ce100000| PB 0x00000000ce000000| Complete |  0
| 225|0x00000000ce100000, 0x00000000ce200000, 0x00000000ce200000|100%|HS|  |TAMS 0x00000000ce200000| PB 0x00000000ce100000| Complete |  0
| 226|0x00000000ce200000, 0x00000000ce300000, 0x00000000ce300000|100%|HC|  |TAMS 0x00000000ce300000| PB 0x00000000ce200000| Complete |  0
| 227|0x00000000ce300000, 0x00000000ce400000, 0x00000000ce400000|100%|HC|  |TAMS 0x00000000ce400000| PB 0x00000000ce300000| Complete |  0
| 228|0x00000000ce400000, 0x00000000ce500000, 0x00000000ce500000|100%|HS|  |TAMS 0x00000000ce500000| PB 0x00000000ce400000| Complete |  0
| 229|0x00000000ce500000, 0x00000000ce600000, 0x00000000ce600000|100%| O|  |TAMS 0x00000000ce600000| PB 0x00000000ce600000| Untracked |  0
| 230|0x00000000ce600000, 0x00000000ce700000, 0x00000000ce700000|100%| O|  |TAMS 0x00000000ce700000| PB 0x00000000ce700000| Untracked |  0
| 231|0x00000000ce700000, 0x00000000ce800000, 0x00000000ce800000|100%|HS|  |TAMS 0x00000000ce800000| PB 0x00000000ce700000| Complete |  0
| 232|0x00000000ce800000, 0x00000000ce900000, 0x00000000ce900000|100%|HC|  |TAMS 0x00000000ce900000| PB 0x00000000ce800000| Complete |  0
| 233|0x00000000ce900000, 0x00000000cea00000, 0x00000000cea00000|100%| O|  |TAMS 0x00000000cea00000| PB 0x00000000cea00000| Untracked |  0
| 234|0x00000000cea00000, 0x00000000ceb00000, 0x00000000ceb00000|100%| O|  |TAMS 0x00000000ceb00000| PB 0x00000000ceb00000| Untracked |  0
| 235|0x00000000ceb00000, 0x00000000cec00000, 0x00000000cec00000|100%|HS|  |TAMS 0x00000000cec00000| PB 0x00000000ceb00000| Complete |  0
| 236|0x00000000cec00000, 0x00000000ced00000, 0x00000000ced00000|100%|HC|  |TAMS 0x00000000ced00000| PB 0x00000000cec00000| Complete |  0
| 237|0x00000000ced00000, 0x00000000cee00000, 0x00000000cee00000|100%|HS|  |TAMS 0x00000000cee00000| PB 0x00000000ced00000| Complete |  0
| 238|0x00000000cee00000, 0x00000000cef00000, 0x00000000cef00000|100%|HC|  |TAMS 0x00000000cef00000| PB 0x00000000cee00000| Complete |  0
| 239|0x00000000cef00000, 0x00000000cf000000, 0x00000000cf000000|100%| O|  |TAMS 0x00000000cf000000| PB 0x00000000cf000000| Untracked |  0
| 240|0x00000000cf000000, 0x00000000cf100000, 0x00000000cf100000|100%|HS|  |TAMS 0x00000000cf100000| PB 0x00000000cf000000| Complete |  0
| 241|0x00000000cf100000, 0x00000000cf200000, 0x00000000cf200000|100%|HC|  |TAMS 0x00000000cf200000| PB 0x00000000cf100000| Complete |  0
| 242|0x00000000cf200000, 0x00000000cf300000, 0x00000000cf300000|100%|HC|  |TAMS 0x00000000cf300000| PB 0x00000000cf200000| Complete |  0
| 243|0x00000000cf300000, 0x00000000cf400000, 0x00000000cf400000|100%|HC|  |TAMS 0x00000000cf400000| PB 0x00000000cf300000| Complete |  0
| 244|0x00000000cf400000, 0x00000000cf500000, 0x00000000cf500000|100%|HC|  |TAMS 0x00000000cf500000| PB 0x00000000cf400000| Complete |  0
| 245|0x00000000cf500000, 0x00000000cf600000, 0x00000000cf600000|100%|HC|  |TAMS 0x00000000cf600000| PB 0x00000000cf500000| Complete |  0
| 246|0x00000000cf600000, 0x00000000cf700000, 0x00000000cf700000|100%|HS|  |TAMS 0x00000000cf700000| PB 0x00000000cf600000| Complete |  0
| 247|0x00000000cf700000, 0x00000000cf800000, 0x00000000cf800000|100%|HC|  |TAMS 0x00000000cf800000| PB 0x00000000cf700000| Complete |  0
| 248|0x00000000cf800000, 0x00000000cf900000, 0x00000000cf900000|100%| O|  |TAMS 0x00000000cf900000| PB 0x00000000cf900000| Untracked |  0
| 249|0x00000000cf900000, 0x00000000cfa00000, 0x00000000cfa00000|100%|HS|  |TAMS 0x00000000cfa00000| PB 0x00000000cf900000| Complete |  0
| 250|0x00000000cfa00000, 0x00000000cfb00000, 0x00000000cfb00000|100%|HC|  |TAMS 0x00000000cfb00000| PB 0x00000000cfa00000| Complete |  0
| 251|0x00000000cfb00000, 0x00000000cfc00000, 0x00000000cfc00000|100%|HS|  |TAMS 0x00000000cfc00000| PB 0x00000000cfb00000| Complete |  0
| 252|0x00000000cfc00000, 0x00000000cfd00000, 0x00000000cfd00000|100%|HC|  |TAMS 0x00000000cfd00000| PB 0x00000000cfc00000| Complete |  0
| 253|0x00000000cfd00000, 0x00000000cfe00000, 0x00000000cfe00000|100%|HC|  |TAMS 0x00000000cfe00000| PB 0x00000000cfd00000| Complete |  0
| 254|0x00000000cfe00000, 0x00000000cff00000, 0x00000000cff00000|100%| O|  |TAMS 0x00000000cff00000| PB 0x00000000cff00000| Untracked |  0
| 255|0x00000000cff00000, 0x00000000d0000000, 0x00000000d0000000|100%| O|  |TAMS 0x00000000d0000000| PB 0x00000000d0000000| Untracked |  0
| 256|0x00000000d0000000, 0x00000000d0100000, 0x00000000d0100000|100%|HS|  |TAMS 0x00000000d0100000| PB 0x00000000d0000000| Complete |  0
| 257|0x00000000d0100000, 0x00000000d0200000, 0x00000000d0200000|100%|HC|  |TAMS 0x00000000d0200000| PB 0x00000000d0100000| Complete |  0
| 258|0x00000000d0200000, 0x00000000d0300000, 0x00000000d0300000|100%|HC|  |TAMS 0x00000000d0300000| PB 0x00000000d0200000| Complete |  0
| 259|0x00000000d0300000, 0x00000000d0400000, 0x00000000d0400000|100%| O|  |TAMS 0x00000000d0400000| PB 0x00000000d0400000| Untracked |  0
| 260|0x00000000d0400000, 0x00000000d0500000, 0x00000000d0500000|100%| O|  |TAMS 0x00000000d0500000| PB 0x00000000d0500000| Untracked |  0
| 261|0x00000000d0500000, 0x00000000d0600000, 0x00000000d0600000|100%| O|  |TAMS 0x00000000d0600000| PB 0x00000000d0600000| Untracked |  0
| 262|0x00000000d0600000, 0x00000000d0700000, 0x00000000d0700000|100%|HS|  |TAMS 0x00000000d0700000| PB 0x00000000d0600000| Complete |  0
| 263|0x00000000d0700000, 0x00000000d0800000, 0x00000000d0800000|100%|HC|  |TAMS 0x00000000d0800000| PB 0x00000000d0700000| Complete |  0
| 264|0x00000000d0800000, 0x00000000d0900000, 0x00000000d0900000|100%|HC|  |TAMS 0x00000000d0900000| PB 0x00000000d0800000| Complete |  0
| 265|0x00000000d0900000, 0x00000000d0a00000, 0x00000000d0a00000|100%|HC|  |TAMS 0x00000000d0a00000| PB 0x00000000d0900000| Complete |  0
| 266|0x00000000d0a00000, 0x00000000d0b00000, 0x00000000d0b00000|100%|HC|  |TAMS 0x00000000d0b00000| PB 0x00000000d0a00000| Complete |  0
| 267|0x00000000d0b00000, 0x00000000d0c00000, 0x00000000d0c00000|100%| O|  |TAMS 0x00000000d0c00000| PB 0x00000000d0c00000| Untracked |  0
| 268|0x00000000d0c00000, 0x00000000d0d00000, 0x00000000d0d00000|100%| O|  |TAMS 0x00000000d0d00000| PB 0x00000000d0d00000| Untracked |  0
| 269|0x00000000d0d00000, 0x00000000d0e00000, 0x00000000d0e00000|100%|HS|  |TAMS 0x00000000d0e00000| PB 0x00000000d0d00000| Complete |  0
| 270|0x00000000d0e00000, 0x00000000d0f00000, 0x00000000d0f00000|100%| O|  |TAMS 0x00000000d0f00000| PB 0x00000000d0f00000| Untracked |  0
| 271|0x00000000d0f00000, 0x00000000d1000000, 0x00000000d1000000|100%|HS|  |TAMS 0x00000000d1000000| PB 0x00000000d0f00000| Complete |  0
| 272|0x00000000d1000000, 0x00000000d1100000, 0x00000000d1100000|100%| O|  |TAMS 0x00000000d1100000| PB 0x00000000d1100000| Untracked |  0
| 273|0x00000000d1100000, 0x00000000d1200000, 0x00000000d1200000|100%|HS|  |TAMS 0x00000000d1200000| PB 0x00000000d1100000| Complete |  0
| 274|0x00000000d1200000, 0x00000000d1300000, 0x00000000d1300000|100%| O|  |TAMS 0x00000000d1300000| PB 0x00000000d1300000| Untracked |  0
| 275|0x00000000d1300000, 0x00000000d1400000, 0x00000000d1400000|100%| O|  |TAMS 0x00000000d1400000| PB 0x00000000d1400000| Untracked |  0
| 276|0x00000000d1400000, 0x00000000d1500000, 0x00000000d1500000|100%| O|  |TAMS 0x00000000d1500000| PB 0x00000000d1500000| Untracked |  0
| 277|0x00000000d1500000, 0x00000000d1600000, 0x00000000d1600000|100%|HS|  |TAMS 0x00000000d1600000| PB 0x00000000d1500000| Complete |  0
| 278|0x00000000d1600000, 0x00000000d1700000, 0x00000000d1700000|100%|HC|  |TAMS 0x00000000d1700000| PB 0x00000000d1600000| Complete |  0
| 279|0x00000000d1700000, 0x00000000d1800000, 0x00000000d1800000|100%|HC|  |TAMS 0x00000000d1800000| PB 0x00000000d1700000| Complete |  0
| 280|0x00000000d1800000, 0x00000000d1900000, 0x00000000d1900000|100%| O|  |TAMS 0x00000000d1900000| PB 0x00000000d1900000| Untracked |  0
| 281|0x00000000d1900000, 0x00000000d1a00000, 0x00000000d1a00000|100%| O|  |TAMS 0x00000000d1a00000| PB 0x00000000d1a00000| Untracked |  0
| 282|0x00000000d1a00000, 0x00000000d1b00000, 0x00000000d1b00000|100%| O|  |TAMS 0x00000000d1b00000| PB 0x00000000d1b00000| Untracked |  0
| 283|0x00000000d1b00000, 0x00000000d1c00000, 0x00000000d1c00000|100%| O|  |TAMS 0x00000000d1c00000| PB 0x00000000d1c00000| Untracked |  0
| 284|0x00000000d1c00000, 0x00000000d1d00000, 0x00000000d1d00000|100%| O|  |TAMS 0x00000000d1d00000| PB 0x00000000d1d00000| Untracked |  0
| 285|0x00000000d1d00000, 0x00000000d1e00000, 0x00000000d1e00000|100%| O|  |TAMS 0x00000000d1e00000| PB 0x00000000d1e00000| Untracked |  0
| 286|0x00000000d1e00000, 0x00000000d1f00000, 0x00000000d1f00000|100%| O|  |TAMS 0x00000000d1f00000| PB 0x00000000d1f00000| Untracked |  0
| 287|0x00000000d1f00000, 0x00000000d2000000, 0x00000000d2000000|100%| O|  |TAMS 0x00000000d2000000| PB 0x00000000d2000000| Untracked |  0
| 288|0x00000000d2000000, 0x00000000d2100000, 0x00000000d2100000|100%| O|  |TAMS 0x00000000d2100000| PB 0x00000000d2100000| Untracked |  0
| 289|0x00000000d2100000, 0x00000000d2200000, 0x00000000d2200000|100%| O|  |TAMS 0x00000000d2200000| PB 0x00000000d2200000| Untracked |  0
| 290|0x00000000d2200000, 0x00000000d2300000, 0x00000000d2300000|100%| O|  |TAMS 0x00000000d2300000| PB 0x00000000d2300000| Untracked |  0
| 291|0x00000000d2300000, 0x00000000d2400000, 0x00000000d2400000|100%| O|  |TAMS 0x00000000d2400000| PB 0x00000000d2400000| Untracked |  0
| 292|0x00000000d2400000, 0x00000000d2500000, 0x00000000d2500000|100%| O|  |TAMS 0x00000000d2500000| PB 0x00000000d2500000| Untracked |  0
| 293|0x00000000d2500000, 0x00000000d2600000, 0x00000000d2600000|100%| O|  |TAMS 0x00000000d2600000| PB 0x00000000d2600000| Untracked |  0
| 294|0x00000000d2600000, 0x00000000d2700000, 0x00000000d2700000|100%| O|  |TAMS 0x00000000d2700000| PB 0x00000000d2700000| Untracked |  0
| 295|0x00000000d2700000, 0x00000000d2800000, 0x00000000d2800000|100%| O|  |TAMS 0x00000000d2800000| PB 0x00000000d2800000| Untracked |  0
| 296|0x00000000d2800000, 0x00000000d2900000, 0x00000000d2900000|100%| O|  |TAMS 0x00000000d2900000| PB 0x00000000d2900000| Untracked |  0
| 297|0x00000000d2900000, 0x00000000d2a00000, 0x00000000d2a00000|100%| O|  |TAMS 0x00000000d2a00000| PB 0x00000000d2a00000| Untracked |  0
| 298|0x00000000d2a00000, 0x00000000d2b00000, 0x00000000d2b00000|100%| O|  |TAMS 0x00000000d2b00000| PB 0x00000000d2b00000| Untracked |  0
| 299|0x00000000d2b00000, 0x00000000d2c00000, 0x00000000d2c00000|100%| O|  |TAMS 0x00000000d2c00000| PB 0x00000000d2c00000| Untracked |  0
| 300|0x00000000d2c00000, 0x00000000d2d00000, 0x00000000d2d00000|100%| O|  |TAMS 0x00000000d2d00000| PB 0x00000000d2d00000| Untracked |  0
| 301|0x00000000d2d00000, 0x00000000d2e00000, 0x00000000d2e00000|100%| O|  |TAMS 0x00000000d2e00000| PB 0x00000000d2e00000| Untracked |  0
| 302|0x00000000d2e00000, 0x00000000d2f00000, 0x00000000d2f00000|100%| O|  |TAMS 0x00000000d2f00000| PB 0x00000000d2f00000| Untracked |  0
| 303|0x00000000d2f00000, 0x00000000d3000000, 0x00000000d3000000|100%| O|  |TAMS 0x00000000d3000000| PB 0x00000000d3000000| Untracked |  0
| 304|0x00000000d3000000, 0x00000000d3100000, 0x00000000d3100000|100%| O|  |TAMS 0x00000000d3100000| PB 0x00000000d3100000| Untracked |  0
| 305|0x00000000d3100000, 0x00000000d3200000, 0x00000000d3200000|100%| O|  |TAMS 0x00000000d3200000| PB 0x00000000d3200000| Untracked |  0
| 306|0x00000000d3200000, 0x00000000d3300000, 0x00000000d3300000|100%| O|  |TAMS 0x00000000d3300000| PB 0x00000000d3300000| Untracked |  0
| 307|0x00000000d3300000, 0x00000000d3400000, 0x00000000d3400000|100%| O|  |TAMS 0x00000000d3400000| PB 0x00000000d3400000| Untracked |  0
| 308|0x00000000d3400000, 0x00000000d3500000, 0x00000000d3500000|100%| O|  |TAMS 0x00000000d3500000| PB 0x00000000d3500000| Untracked |  0
| 309|0x00000000d3500000, 0x00000000d3600000, 0x00000000d3600000|100%| O|  |TAMS 0x00000000d3600000| PB 0x00000000d3600000| Untracked |  0
| 310|0x00000000d3600000, 0x00000000d3700000, 0x00000000d3700000|100%| O|  |TAMS 0x00000000d3700000| PB 0x00000000d3700000| Untracked |  0
| 311|0x00000000d3700000, 0x00000000d3800000, 0x00000000d3800000|100%| O|  |TAMS 0x00000000d3800000| PB 0x00000000d3800000| Untracked |  0
| 312|0x00000000d3800000, 0x00000000d3900000, 0x00000000d3900000|100%|HS|  |TAMS 0x00000000d3900000| PB 0x00000000d3800000| Complete |  0
| 313|0x00000000d3900000, 0x00000000d3a00000, 0x00000000d3a00000|100%| O|  |TAMS 0x00000000d3a00000| PB 0x00000000d3a00000| Untracked |  0
| 314|0x00000000d3a00000, 0x00000000d3b00000, 0x00000000d3b00000|100%| O|  |TAMS 0x00000000d3b00000| PB 0x00000000d3b00000| Untracked |  0
| 315|0x00000000d3b00000, 0x00000000d3c00000, 0x00000000d3c00000|100%| O|  |TAMS 0x00000000d3c00000| PB 0x00000000d3c00000| Untracked |  0
| 316|0x00000000d3c00000, 0x00000000d3d00000, 0x00000000d3d00000|100%| O|  |TAMS 0x00000000d3d00000| PB 0x00000000d3d00000| Untracked |  0
| 317|0x00000000d3d00000, 0x00000000d3e00000, 0x00000000d3e00000|100%| O|  |TAMS 0x00000000d3e00000| PB 0x00000000d3e00000| Untracked |  0
| 318|0x00000000d3e00000, 0x00000000d3f00000, 0x00000000d3f00000|100%| O|  |TAMS 0x00000000d3f00000| PB 0x00000000d3f00000| Untracked |  0
| 319|0x00000000d3f00000, 0x00000000d4000000, 0x00000000d4000000|100%| O|  |TAMS 0x00000000d4000000| PB 0x00000000d4000000| Untracked |  0
| 320|0x00000000d4000000, 0x00000000d4100000, 0x00000000d4100000|100%| O|  |TAMS 0x00000000d4100000| PB 0x00000000d4100000| Untracked |  0
| 321|0x00000000d4100000, 0x00000000d4200000, 0x00000000d4200000|100%| O|  |TAMS 0x00000000d4200000| PB 0x00000000d4200000| Untracked |  0
| 322|0x00000000d4200000, 0x00000000d4300000, 0x00000000d4300000|100%| O|  |TAMS 0x00000000d4300000| PB 0x00000000d4300000| Untracked |  0
| 323|0x00000000d4300000, 0x00000000d4400000, 0x00000000d4400000|100%| O|  |TAMS 0x00000000d4400000| PB 0x00000000d4400000| Untracked |  0
| 324|0x00000000d4400000, 0x00000000d4500000, 0x00000000d4500000|100%| O|  |TAMS 0x00000000d4500000| PB 0x00000000d4500000| Untracked |  0
| 325|0x00000000d4500000, 0x00000000d4600000, 0x00000000d4600000|100%|HS|  |TAMS 0x00000000d4600000| PB 0x00000000d4500000| Complete |  0
| 326|0x00000000d4600000, 0x00000000d4700000, 0x00000000d4700000|100%|HC|  |TAMS 0x00000000d4700000| PB 0x00000000d4600000| Complete |  0
| 327|0x00000000d4700000, 0x00000000d4800000, 0x00000000d4800000|100%|HC|  |TAMS 0x00000000d4800000| PB 0x00000000d4700000| Complete |  0
| 328|0x00000000d4800000, 0x00000000d4900000, 0x00000000d4900000|100%| O|  |TAMS 0x00000000d4900000| PB 0x00000000d4900000| Untracked |  0
| 329|0x00000000d4900000, 0x00000000d4a00000, 0x00000000d4a00000|100%| O|  |TAMS 0x00000000d4a00000| PB 0x00000000d4a00000| Untracked |  0
| 330|0x00000000d4a00000, 0x00000000d4b00000, 0x00000000d4b00000|100%| O|  |TAMS 0x00000000d4b00000| PB 0x00000000d4b00000| Untracked |  0
| 331|0x00000000d4b00000, 0x00000000d4c00000, 0x00000000d4c00000|100%| O|  |TAMS 0x00000000d4c00000| PB 0x00000000d4c00000| Untracked |  0
| 332|0x00000000d4c00000, 0x00000000d4d00000, 0x00000000d4d00000|100%| O|  |TAMS 0x00000000d4d00000| PB 0x00000000d4d00000| Untracked |  0
| 333|0x00000000d4d00000, 0x00000000d4e00000, 0x00000000d4e00000|100%| O|  |TAMS 0x00000000d4e00000| PB 0x00000000d4e00000| Untracked |  0
| 334|0x00000000d4e00000, 0x00000000d4f00000, 0x00000000d4f00000|100%| O|  |TAMS 0x00000000d4f00000| PB 0x00000000d4f00000| Untracked |  0
| 335|0x00000000d4f00000, 0x00000000d5000000, 0x00000000d5000000|100%| O|  |TAMS 0x00000000d5000000| PB 0x00000000d5000000| Untracked |  0
| 336|0x00000000d5000000, 0x00000000d5100000, 0x00000000d5100000|100%| O|  |TAMS 0x00000000d5100000| PB 0x00000000d5100000| Untracked |  0
| 337|0x00000000d5100000, 0x00000000d5200000, 0x00000000d5200000|100%| O|  |TAMS 0x00000000d5200000| PB 0x00000000d5200000| Untracked |  0
| 338|0x00000000d5200000, 0x00000000d5300000, 0x00000000d5300000|100%|HS|  |TAMS 0x00000000d5300000| PB 0x00000000d5200000| Complete |  0
| 339|0x00000000d5300000, 0x00000000d5400000, 0x00000000d5400000|100%|HC|  |TAMS 0x00000000d5400000| PB 0x00000000d5300000| Complete |  0
| 340|0x00000000d5400000, 0x00000000d5500000, 0x00000000d5500000|100%|HC|  |TAMS 0x00000000d5500000| PB 0x00000000d5400000| Complete |  0
| 341|0x00000000d5500000, 0x00000000d5600000, 0x00000000d5600000|100%|HC|  |TAMS 0x00000000d5600000| PB 0x00000000d5500000| Complete |  0
| 342|0x00000000d5600000, 0x00000000d5700000, 0x00000000d5700000|100%|HC|  |TAMS 0x00000000d5700000| PB 0x00000000d5600000| Complete |  0
| 343|0x00000000d5700000, 0x00000000d5800000, 0x00000000d5800000|100%|HC|  |TAMS 0x00000000d5800000| PB 0x00000000d5700000| Complete |  0
| 344|0x00000000d5800000, 0x00000000d5900000, 0x00000000d5900000|100%|HC|  |TAMS 0x00000000d5900000| PB 0x00000000d5800000| Complete |  0
| 345|0x00000000d5900000, 0x00000000d5a00000, 0x00000000d5a00000|100%|HC|  |TAMS 0x00000000d5a00000| PB 0x00000000d5900000| Complete |  0
| 346|0x00000000d5a00000, 0x00000000d5b00000, 0x00000000d5b00000|100%|HC|  |TAMS 0x00000000d5b00000| PB 0x00000000d5a00000| Complete |  0
| 347|0x00000000d5b00000, 0x00000000d5c00000, 0x00000000d5c00000|100%|HC|  |TAMS 0x00000000d5c00000| PB 0x00000000d5b00000| Complete |  0
| 348|0x00000000d5c00000, 0x00000000d5d00000, 0x00000000d5d00000|100%|HC|  |TAMS 0x00000000d5d00000| PB 0x00000000d5c00000| Complete |  0
| 349|0x00000000d5d00000, 0x00000000d5e00000, 0x00000000d5e00000|100%|HC|  |TAMS 0x00000000d5e00000| PB 0x00000000d5d00000| Complete |  0
| 350|0x00000000d5e00000, 0x00000000d5f00000, 0x00000000d5f00000|100%|HC|  |TAMS 0x00000000d5f00000| PB 0x00000000d5e00000| Complete |  0
| 351|0x00000000d5f00000, 0x00000000d6000000, 0x00000000d6000000|100%|HC|  |TAMS 0x00000000d6000000| PB 0x00000000d5f00000| Complete |  0
| 352|0x00000000d6000000, 0x00000000d6100000, 0x00000000d6100000|100%|HC|  |TAMS 0x00000000d6100000| PB 0x00000000d6000000| Complete |  0
| 353|0x00000000d6100000, 0x00000000d6200000, 0x00000000d6200000|100%|HC|  |TAMS 0x00000000d6200000| PB 0x00000000d6100000| Complete |  0
| 354|0x00000000d6200000, 0x00000000d6300000, 0x00000000d6300000|100%|HC|  |TAMS 0x00000000d6300000| PB 0x00000000d6200000| Complete |  0
| 355|0x00000000d6300000, 0x00000000d6400000, 0x00000000d6400000|100%|HC|  |TAMS 0x00000000d6400000| PB 0x00000000d6300000| Complete |  0
| 356|0x00000000d6400000, 0x00000000d6500000, 0x00000000d6500000|100%|HC|  |TAMS 0x00000000d6500000| PB 0x00000000d6400000| Complete |  0
| 357|0x00000000d6500000, 0x00000000d6600000, 0x00000000d6600000|100%|HC|  |TAMS 0x00000000d6600000| PB 0x00000000d6500000| Complete |  0
| 358|0x00000000d6600000, 0x00000000d6700000, 0x00000000d6700000|100%|HC|  |TAMS 0x00000000d6700000| PB 0x00000000d6600000| Complete |  0
| 359|0x00000000d6700000, 0x00000000d6800000, 0x00000000d6800000|100%|HC|  |TAMS 0x00000000d6800000| PB 0x00000000d6700000| Complete |  0
| 360|0x00000000d6800000, 0x00000000d6900000, 0x00000000d6900000|100%|HC|  |TAMS 0x00000000d6900000| PB 0x00000000d6800000| Complete |  0
| 361|0x00000000d6900000, 0x00000000d6a00000, 0x00000000d6a00000|100%|HC|  |TAMS 0x00000000d6a00000| PB 0x00000000d6900000| Complete |  0
| 362|0x00000000d6a00000, 0x00000000d6b00000, 0x00000000d6b00000|100%|HC|  |TAMS 0x00000000d6b00000| PB 0x00000000d6a00000| Complete |  0
| 363|0x00000000d6b00000, 0x00000000d6c00000, 0x00000000d6c00000|100%|HC|  |TAMS 0x00000000d6c00000| PB 0x00000000d6b00000| Complete |  0
| 364|0x00000000d6c00000, 0x00000000d6d00000, 0x00000000d6d00000|100%|HC|  |TAMS 0x00000000d6d00000| PB 0x00000000d6c00000| Complete |  0
| 365|0x00000000d6d00000, 0x00000000d6e00000, 0x00000000d6e00000|100%|HC|  |TAMS 0x00000000d6e00000| PB 0x00000000d6d00000| Complete |  0
| 366|0x00000000d6e00000, 0x00000000d6f00000, 0x00000000d6f00000|100%|HC|  |TAMS 0x00000000d6f00000| PB 0x00000000d6e00000| Complete |  0
| 367|0x00000000d6f00000, 0x00000000d7000000, 0x00000000d7000000|100%|HC|  |TAMS 0x00000000d7000000| PB 0x00000000d6f00000| Complete |  0
| 368|0x00000000d7000000, 0x00000000d7100000, 0x00000000d7100000|100%| O|  |TAMS 0x00000000d7100000| PB 0x00000000d7100000| Untracked |  0
| 369|0x00000000d7100000, 0x00000000d7200000, 0x00000000d7200000|100%| O|  |TAMS 0x00000000d7200000| PB 0x00000000d7200000| Untracked |  0
| 370|0x00000000d7200000, 0x00000000d7300000, 0x00000000d7300000|100%| O|  |TAMS 0x00000000d7300000| PB 0x00000000d7300000| Untracked |  0
| 371|0x00000000d7300000, 0x00000000d7400000, 0x00000000d7400000|100%|HS|  |TAMS 0x00000000d7400000| PB 0x00000000d7300000| Complete |  0
| 372|0x00000000d7400000, 0x00000000d7500000, 0x00000000d7500000|100%|HC|  |TAMS 0x00000000d7500000| PB 0x00000000d7400000| Complete |  0
| 373|0x00000000d7500000, 0x00000000d7600000, 0x00000000d7600000|100%|HC|  |TAMS 0x00000000d7600000| PB 0x00000000d7500000| Complete |  0
| 374|0x00000000d7600000, 0x00000000d7700000, 0x00000000d7700000|100%|HC|  |TAMS 0x00000000d7700000| PB 0x00000000d7600000| Complete |  0
| 375|0x00000000d7700000, 0x00000000d7800000, 0x00000000d7800000|100%| O|  |TAMS 0x00000000d7800000| PB 0x00000000d7800000| Untracked |  0
| 376|0x00000000d7800000, 0x00000000d7900000, 0x00000000d7900000|100%| O|  |TAMS 0x00000000d7900000| PB 0x00000000d7900000| Untracked |  0
| 377|0x00000000d7900000, 0x00000000d7a00000, 0x00000000d7a00000|100%| O|  |TAMS 0x00000000d7a00000| PB 0x00000000d7a00000| Untracked |  0
| 378|0x00000000d7a00000, 0x00000000d7b00000, 0x00000000d7b00000|100%| O|  |TAMS 0x00000000d7b00000| PB 0x00000000d7b00000| Untracked |  0
| 379|0x00000000d7b00000, 0x00000000d7c00000, 0x00000000d7c00000|100%| O|  |TAMS 0x00000000d7c00000| PB 0x00000000d7c00000| Untracked |  0
| 380|0x00000000d7c00000, 0x00000000d7d00000, 0x00000000d7d00000|100%| O|  |TAMS 0x00000000d7d00000| PB 0x00000000d7d00000| Untracked |  0
| 381|0x00000000d7d00000, 0x00000000d7e00000, 0x00000000d7e00000|100%| O|  |TAMS 0x00000000d7e00000| PB 0x00000000d7e00000| Untracked |  0
| 382|0x00000000d7e00000, 0x00000000d7f00000, 0x00000000d7f00000|100%| O|  |TAMS 0x00000000d7f00000| PB 0x00000000d7f00000| Untracked |  0
| 383|0x00000000d7f00000, 0x00000000d8000000, 0x00000000d8000000|100%| O|  |TAMS 0x00000000d8000000| PB 0x00000000d8000000| Untracked |  0
| 384|0x00000000d8000000, 0x00000000d8100000, 0x00000000d8100000|100%| O|  |TAMS 0x00000000d8100000| PB 0x00000000d8100000| Untracked |  0
| 385|0x00000000d8100000, 0x00000000d8200000, 0x00000000d8200000|100%| O|  |TAMS 0x00000000d8200000| PB 0x00000000d8200000| Untracked |  0
| 386|0x00000000d8200000, 0x00000000d8300000, 0x00000000d8300000|100%| O|  |TAMS 0x00000000d8300000| PB 0x00000000d8300000| Untracked |  0
| 387|0x00000000d8300000, 0x00000000d8400000, 0x00000000d8400000|100%| O|  |TAMS 0x00000000d8400000| PB 0x00000000d8400000| Untracked |  0
| 388|0x00000000d8400000, 0x00000000d8500000, 0x00000000d8500000|100%| O|  |TAMS 0x00000000d8500000| PB 0x00000000d8500000| Untracked |  0
| 389|0x00000000d8500000, 0x00000000d8600000, 0x00000000d8600000|100%| O|  |TAMS 0x00000000d8600000| PB 0x00000000d8600000| Untracked |  0
| 390|0x00000000d8600000, 0x00000000d8700000, 0x00000000d8700000|100%| O|  |TAMS 0x00000000d8700000| PB 0x00000000d8700000| Untracked |  0
| 391|0x00000000d8700000, 0x00000000d8800000, 0x00000000d8800000|100%| O|  |TAMS 0x00000000d8800000| PB 0x00000000d8800000| Untracked |  0
| 392|0x00000000d8800000, 0x00000000d8900000, 0x00000000d8900000|100%| O|  |TAMS 0x00000000d8900000| PB 0x00000000d8900000| Untracked |  0
| 393|0x00000000d8900000, 0x00000000d8a00000, 0x00000000d8a00000|100%| O|  |TAMS 0x00000000d8a00000| PB 0x00000000d8a00000| Untracked |  0
| 394|0x00000000d8a00000, 0x00000000d8b00000, 0x00000000d8b00000|100%| O|  |TAMS 0x00000000d8b00000| PB 0x00000000d8b00000| Untracked |  0
| 395|0x00000000d8b00000, 0x00000000d8c00000, 0x00000000d8c00000|100%| O|  |TAMS 0x00000000d8c00000| PB 0x00000000d8c00000| Untracked |  0
| 396|0x00000000d8c00000, 0x00000000d8d00000, 0x00000000d8d00000|100%| O|  |TAMS 0x00000000d8d00000| PB 0x00000000d8d00000| Untracked |  0
| 397|0x00000000d8d00000, 0x00000000d8e00000, 0x00000000d8e00000|100%| O|  |TAMS 0x00000000d8e00000| PB 0x00000000d8e00000| Untracked |  0
| 398|0x00000000d8e00000, 0x00000000d8f00000, 0x00000000d8f00000|100%| O|  |TAMS 0x00000000d8f00000| PB 0x00000000d8f00000| Untracked |  0
| 399|0x00000000d8f00000, 0x00000000d9000000, 0x00000000d9000000|100%| O|  |TAMS 0x00000000d9000000| PB 0x00000000d9000000| Untracked |  0
| 400|0x00000000d9000000, 0x00000000d9100000, 0x00000000d9100000|100%| O|  |TAMS 0x00000000d9100000| PB 0x00000000d9100000| Untracked |  0
| 401|0x00000000d9100000, 0x00000000d9200000, 0x00000000d9200000|100%| O|  |TAMS 0x00000000d9200000| PB 0x00000000d9200000| Untracked |  0
| 402|0x00000000d9200000, 0x00000000d9300000, 0x00000000d9300000|100%| O|  |TAMS 0x00000000d9300000| PB 0x00000000d9300000| Untracked |  0
| 403|0x00000000d9300000, 0x00000000d9400000, 0x00000000d9400000|100%| O|  |TAMS 0x00000000d9400000| PB 0x00000000d9400000| Untracked |  0
| 404|0x00000000d9400000, 0x00000000d9500000, 0x00000000d9500000|100%| O|  |TAMS 0x00000000d9500000| PB 0x00000000d9500000| Untracked |  0
| 405|0x00000000d9500000, 0x00000000d9600000, 0x00000000d9600000|100%| O|  |TAMS 0x00000000d9600000| PB 0x00000000d9600000| Untracked |  0
| 406|0x00000000d9600000, 0x00000000d9700000, 0x00000000d9700000|100%| O|  |TAMS 0x00000000d9700000| PB 0x00000000d9700000| Untracked |  0
| 407|0x00000000d9700000, 0x00000000d9800000, 0x00000000d9800000|100%| O|  |TAMS 0x00000000d9800000| PB 0x00000000d9800000| Untracked |  0
| 408|0x00000000d9800000, 0x00000000d9900000, 0x00000000d9900000|100%| O|  |TAMS 0x00000000d9900000| PB 0x00000000d9900000| Untracked |  0
| 409|0x00000000d9900000, 0x00000000d9a00000, 0x00000000d9a00000|100%| O|  |TAMS 0x00000000d9a00000| PB 0x00000000d9a00000| Untracked |  0
| 410|0x00000000d9a00000, 0x00000000d9b00000, 0x00000000d9b00000|100%| O|  |TAMS 0x00000000d9b00000| PB 0x00000000d9b00000| Untracked |  0
| 411|0x00000000d9b00000, 0x00000000d9c00000, 0x00000000d9c00000|100%| O|  |TAMS 0x00000000d9c00000| PB 0x00000000d9c00000| Untracked |  0
| 412|0x00000000d9c00000, 0x00000000d9d00000, 0x00000000d9d00000|100%| O|  |TAMS 0x00000000d9d00000| PB 0x00000000d9d00000| Untracked |  0
| 413|0x00000000d9d00000, 0x00000000d9e00000, 0x00000000d9e00000|100%| O|  |TAMS 0x00000000d9e00000| PB 0x00000000d9e00000| Untracked |  0
| 414|0x00000000d9e00000, 0x00000000d9f00000, 0x00000000d9f00000|100%| O|  |TAMS 0x00000000d9f00000| PB 0x00000000d9f00000| Untracked |  0
| 415|0x00000000d9f00000, 0x00000000da000000, 0x00000000da000000|100%| O|  |TAMS 0x00000000da000000| PB 0x00000000da000000| Untracked |  0
| 416|0x00000000da000000, 0x00000000da100000, 0x00000000da100000|100%| O|  |TAMS 0x00000000da100000| PB 0x00000000da100000| Untracked |  0
| 417|0x00000000da100000, 0x00000000da200000, 0x00000000da200000|100%| O|  |TAMS 0x00000000da200000| PB 0x00000000da200000| Untracked |  0
| 418|0x00000000da200000, 0x00000000da300000, 0x00000000da300000|100%| O|  |TAMS 0x00000000da300000| PB 0x00000000da300000| Untracked |  0
| 419|0x00000000da300000, 0x00000000da400000, 0x00000000da400000|100%| O|  |TAMS 0x00000000da400000| PB 0x00000000da400000| Untracked |  0
| 420|0x00000000da400000, 0x00000000da500000, 0x00000000da500000|100%| O|Cm|TAMS 0x00000000da500000| PB 0x00000000da500000| Updating |  0
| 421|0x00000000da500000, 0x00000000da600000, 0x00000000da600000|100%| O|Cm|TAMS 0x00000000da600000| PB 0x00000000da600000| Updating |  0
| 422|0x00000000da600000, 0x00000000da700000, 0x00000000da700000|100%| O|  |TAMS 0x00000000da700000| PB 0x00000000da700000| Untracked |  0
| 423|0x00000000da700000, 0x00000000da800000, 0x00000000da800000|100%| O|  |TAMS 0x00000000da800000| PB 0x00000000da800000| Untracked |  0
| 424|0x00000000da800000, 0x00000000da900000, 0x00000000da900000|100%| O|  |TAMS 0x00000000da900000| PB 0x00000000da900000| Untracked |  0
| 425|0x00000000da900000, 0x00000000daa00000, 0x00000000daa00000|100%| O|  |TAMS 0x00000000daa00000| PB 0x00000000daa00000| Untracked |  0
| 426|0x00000000daa00000, 0x00000000dab00000, 0x00000000dab00000|100%| O|  |TAMS 0x00000000dab00000| PB 0x00000000dab00000| Untracked |  0
| 427|0x00000000dab00000, 0x00000000dac00000, 0x00000000dac00000|100%| O|  |TAMS 0x00000000dac00000| PB 0x00000000dac00000| Untracked |  0
| 428|0x00000000dac00000, 0x00000000dad00000, 0x00000000dad00000|100%| O|  |TAMS 0x00000000dad00000| PB 0x00000000dad00000| Untracked |  0
| 429|0x00000000dad00000, 0x00000000dae00000, 0x00000000dae00000|100%| O|  |TAMS 0x00000000dae00000| PB 0x00000000dae00000| Untracked |  0
| 430|0x00000000dae00000, 0x00000000daf00000, 0x00000000daf00000|100%| O|  |TAMS 0x00000000daf00000| PB 0x00000000daf00000| Untracked |  0
| 431|0x00000000daf00000, 0x00000000db000000, 0x00000000db000000|100%| O|  |TAMS 0x00000000db000000| PB 0x00000000db000000| Untracked |  0
| 432|0x00000000db000000, 0x00000000db100000, 0x00000000db100000|100%| O|  |TAMS 0x00000000db100000| PB 0x00000000db100000| Untracked |  0
| 433|0x00000000db100000, 0x00000000db200000, 0x00000000db200000|100%| O|  |TAMS 0x00000000db200000| PB 0x00000000db200000| Untracked |  0
| 434|0x00000000db200000, 0x00000000db300000, 0x00000000db300000|100%| O|  |TAMS 0x00000000db300000| PB 0x00000000db300000| Untracked |  0
| 435|0x00000000db300000, 0x00000000db400000, 0x00000000db400000|100%| O|  |TAMS 0x00000000db400000| PB 0x00000000db400000| Untracked |  0
| 436|0x00000000db400000, 0x00000000db500000, 0x00000000db500000|100%| O|  |TAMS 0x00000000db500000| PB 0x00000000db500000| Untracked |  0
| 437|0x00000000db500000, 0x00000000db600000, 0x00000000db600000|100%| O|  |TAMS 0x00000000db600000| PB 0x00000000db600000| Untracked |  0
| 438|0x00000000db600000, 0x00000000db700000, 0x00000000db700000|100%| O|  |TAMS 0x00000000db700000| PB 0x00000000db700000| Untracked |  0
| 439|0x00000000db700000, 0x00000000db800000, 0x00000000db800000|100%| O|  |TAMS 0x00000000db800000| PB 0x00000000db800000| Untracked |  0
| 440|0x00000000db800000, 0x00000000db900000, 0x00000000db900000|100%| O|  |TAMS 0x00000000db900000| PB 0x00000000db900000| Untracked |  0
| 441|0x00000000db900000, 0x00000000dba00000, 0x00000000dba00000|100%| O|  |TAMS 0x00000000dba00000| PB 0x00000000dba00000| Untracked |  0
| 442|0x00000000dba00000, 0x00000000dbb00000, 0x00000000dbb00000|100%| O|  |TAMS 0x00000000dbb00000| PB 0x00000000dbb00000| Untracked |  0
| 443|0x00000000dbb00000, 0x00000000dbc00000, 0x00000000dbc00000|100%| O|  |TAMS 0x00000000dbc00000| PB 0x00000000dbc00000| Untracked |  0
| 444|0x00000000dbc00000, 0x00000000dbd00000, 0x00000000dbd00000|100%| O|  |TAMS 0x00000000dbd00000| PB 0x00000000dbd00000| Untracked |  0
| 445|0x00000000dbd00000, 0x00000000dbe00000, 0x00000000dbe00000|100%| O|  |TAMS 0x00000000dbe00000| PB 0x00000000dbe00000| Untracked |  0
| 446|0x00000000dbe00000, 0x00000000dbf00000, 0x00000000dbf00000|100%| O|  |TAMS 0x00000000dbf00000| PB 0x00000000dbf00000| Untracked |  0
| 447|0x00000000dbf00000, 0x00000000dc000000, 0x00000000dc000000|100%| O|  |TAMS 0x00000000dc000000| PB 0x00000000dc000000| Untracked |  0
| 448|0x00000000dc000000, 0x00000000dc100000, 0x00000000dc100000|100%| O|  |TAMS 0x00000000dc100000| PB 0x00000000dc100000| Untracked |  0
| 449|0x00000000dc100000, 0x00000000dc200000, 0x00000000dc200000|100%| O|  |TAMS 0x00000000dc200000| PB 0x00000000dc200000| Untracked |  0
| 450|0x00000000dc200000, 0x00000000dc300000, 0x00000000dc300000|100%| O|  |TAMS 0x00000000dc300000| PB 0x00000000dc300000| Untracked |  0
| 451|0x00000000dc300000, 0x00000000dc400000, 0x00000000dc400000|100%| O|  |TAMS 0x00000000dc400000| PB 0x00000000dc400000| Untracked |  0
| 452|0x00000000dc400000, 0x00000000dc500000, 0x00000000dc500000|100%| O|  |TAMS 0x00000000dc500000| PB 0x00000000dc500000| Untracked |  0
| 453|0x00000000dc500000, 0x00000000dc600000, 0x00000000dc600000|100%| O|  |TAMS 0x00000000dc600000| PB 0x00000000dc600000| Untracked |  0
| 454|0x00000000dc600000, 0x00000000dc700000, 0x00000000dc700000|100%| O|  |TAMS 0x00000000dc700000| PB 0x00000000dc700000| Untracked |  0
| 455|0x00000000dc700000, 0x00000000dc800000, 0x00000000dc800000|100%| O|  |TAMS 0x00000000dc800000| PB 0x00000000dc800000| Untracked |  0
| 456|0x00000000dc800000, 0x00000000dc900000, 0x00000000dc900000|100%| O|  |TAMS 0x00000000dc900000| PB 0x00000000dc900000| Untracked |  0
| 457|0x00000000dc900000, 0x00000000dca00000, 0x00000000dca00000|100%| O|  |TAMS 0x00000000dca00000| PB 0x00000000dca00000| Untracked |  0
| 458|0x00000000dca00000, 0x00000000dcb00000, 0x00000000dcb00000|100%| O|  |TAMS 0x00000000dcb00000| PB 0x00000000dcb00000| Untracked |  0
| 459|0x00000000dcb00000, 0x00000000dcc00000, 0x00000000dcc00000|100%| O|Cm|TAMS 0x00000000dcc00000| PB 0x00000000dcc00000| Updating |  0
| 460|0x00000000dcc00000, 0x00000000dcd00000, 0x00000000dcd00000|100%| O|  |TAMS 0x00000000dcd00000| PB 0x00000000dcd00000| Untracked |  0
| 461|0x00000000dcd00000, 0x00000000dce00000, 0x00000000dce00000|100%| O|  |TAMS 0x00000000dce00000| PB 0x00000000dce00000| Untracked |  0
| 462|0x00000000dce00000, 0x00000000dcf00000, 0x00000000dcf00000|100%| O|  |TAMS 0x00000000dcf00000| PB 0x00000000dcf00000| Untracked |  0
| 463|0x00000000dcf00000, 0x00000000dd000000, 0x00000000dd000000|100%| O|  |TAMS 0x00000000dd000000| PB 0x00000000dd000000| Untracked |  0
| 464|0x00000000dd000000, 0x00000000dd100000, 0x00000000dd100000|100%| O|  |TAMS 0x00000000dd100000| PB 0x00000000dd100000| Untracked |  0
| 465|0x00000000dd100000, 0x00000000dd200000, 0x00000000dd200000|100%| O|  |TAMS 0x00000000dd200000| PB 0x00000000dd200000| Untracked |  0
| 466|0x00000000dd200000, 0x00000000dd300000, 0x00000000dd300000|100%| O|  |TAMS 0x00000000dd300000| PB 0x00000000dd300000| Untracked |  0
| 467|0x00000000dd300000, 0x00000000dd400000, 0x00000000dd400000|100%| O|  |TAMS 0x00000000dd400000| PB 0x00000000dd400000| Untracked |  0
| 468|0x00000000dd400000, 0x00000000dd500000, 0x00000000dd500000|100%| O|  |TAMS 0x00000000dd500000| PB 0x00000000dd500000| Untracked |  0
| 469|0x00000000dd500000, 0x00000000dd600000, 0x00000000dd600000|100%| O|  |TAMS 0x00000000dd600000| PB 0x00000000dd600000| Untracked |  0
| 470|0x00000000dd600000, 0x00000000dd700000, 0x00000000dd700000|100%| O|  |TAMS 0x00000000dd700000| PB 0x00000000dd700000| Untracked |  0
| 471|0x00000000dd700000, 0x00000000dd800000, 0x00000000dd800000|100%| O|  |TAMS 0x00000000dd800000| PB 0x00000000dd800000| Untracked |  0
| 472|0x00000000dd800000, 0x00000000dd900000, 0x00000000dd900000|100%| O|  |TAMS 0x00000000dd900000| PB 0x00000000dd900000| Untracked |  0
| 473|0x00000000dd900000, 0x00000000dda00000, 0x00000000dda00000|100%| O|  |TAMS 0x00000000dda00000| PB 0x00000000dda00000| Untracked |  0
| 474|0x00000000dda00000, 0x00000000ddb00000, 0x00000000ddb00000|100%| O|  |TAMS 0x00000000ddb00000| PB 0x00000000ddb00000| Untracked |  0
| 475|0x00000000ddb00000, 0x00000000ddc00000, 0x00000000ddc00000|100%| O|  |TAMS 0x00000000ddc00000| PB 0x00000000ddc00000| Untracked |  0
| 476|0x00000000ddc00000, 0x00000000ddd00000, 0x00000000ddd00000|100%| O|  |TAMS 0x00000000ddd00000| PB 0x00000000ddd00000| Untracked |  0
| 477|0x00000000ddd00000, 0x00000000dde00000, 0x00000000dde00000|100%| O|  |TAMS 0x00000000dde00000| PB 0x00000000dde00000| Untracked |  0
| 478|0x00000000dde00000, 0x00000000ddf00000, 0x00000000ddf00000|100%| O|  |TAMS 0x00000000ddf00000| PB 0x00000000ddf00000| Untracked |  0
| 479|0x00000000ddf00000, 0x00000000de000000, 0x00000000de000000|100%| O|  |TAMS 0x00000000de000000| PB 0x00000000de000000| Untracked |  0
| 480|0x00000000de000000, 0x00000000de100000, 0x00000000de100000|100%| O|  |TAMS 0x00000000de100000| PB 0x00000000de100000| Untracked |  0
| 481|0x00000000de100000, 0x00000000de200000, 0x00000000de200000|100%| O|  |TAMS 0x00000000de200000| PB 0x00000000de200000| Untracked |  0
| 482|0x00000000de200000, 0x00000000de300000, 0x00000000de300000|100%| O|  |TAMS 0x00000000de300000| PB 0x00000000de300000| Untracked |  0
| 483|0x00000000de300000, 0x00000000de400000, 0x00000000de400000|100%| O|  |TAMS 0x00000000de400000| PB 0x00000000de400000| Untracked |  0
| 484|0x00000000de400000, 0x00000000de500000, 0x00000000de500000|100%| O|  |TAMS 0x00000000de500000| PB 0x00000000de500000| Untracked |  0
| 485|0x00000000de500000, 0x00000000de600000, 0x00000000de600000|100%| O|  |TAMS 0x00000000de600000| PB 0x00000000de600000| Untracked |  0
| 486|0x00000000de600000, 0x00000000de700000, 0x00000000de700000|100%| O|  |TAMS 0x00000000de700000| PB 0x00000000de700000| Untracked |  0
| 487|0x00000000de700000, 0x00000000de800000, 0x00000000de800000|100%| O|  |TAMS 0x00000000de800000| PB 0x00000000de800000| Untracked |  0
| 488|0x00000000de800000, 0x00000000de900000, 0x00000000de900000|100%| O|  |TAMS 0x00000000de900000| PB 0x00000000de900000| Untracked |  0
| 489|0x00000000de900000, 0x00000000dea00000, 0x00000000dea00000|100%| O|  |TAMS 0x00000000dea00000| PB 0x00000000dea00000| Untracked |  0
| 490|0x00000000dea00000, 0x00000000deb00000, 0x00000000deb00000|100%| O|  |TAMS 0x00000000deb00000| PB 0x00000000deb00000| Untracked |  0
| 491|0x00000000deb00000, 0x00000000dec00000, 0x00000000dec00000|100%| O|  |TAMS 0x00000000dec00000| PB 0x00000000dec00000| Untracked |  0
| 492|0x00000000dec00000, 0x00000000ded00000, 0x00000000ded00000|100%| O|  |TAMS 0x00000000ded00000| PB 0x00000000ded00000| Untracked |  0
| 493|0x00000000ded00000, 0x00000000dee00000, 0x00000000dee00000|100%| O|  |TAMS 0x00000000dee00000| PB 0x00000000dee00000| Untracked |  0
| 494|0x00000000dee00000, 0x00000000def00000, 0x00000000def00000|100%| O|  |TAMS 0x00000000def00000| PB 0x00000000def00000| Untracked |  0
| 495|0x00000000def00000, 0x00000000df000000, 0x00000000df000000|100%| O|  |TAMS 0x00000000df000000| PB 0x00000000df000000| Untracked |  0
| 496|0x00000000df000000, 0x00000000df100000, 0x00000000df100000|100%| O|  |TAMS 0x00000000df100000| PB 0x00000000df100000| Untracked |  0
| 497|0x00000000df100000, 0x00000000df200000, 0x00000000df200000|100%| O|  |TAMS 0x00000000df200000| PB 0x00000000df200000| Untracked |  0
| 498|0x00000000df200000, 0x00000000df300000, 0x00000000df300000|100%| O|  |TAMS 0x00000000df300000| PB 0x00000000df300000| Untracked |  0
| 499|0x00000000df300000, 0x00000000df400000, 0x00000000df400000|100%| O|  |TAMS 0x00000000df400000| PB 0x00000000df400000| Untracked |  0
| 500|0x00000000df400000, 0x00000000df500000, 0x00000000df500000|100%| O|  |TAMS 0x00000000df500000| PB 0x00000000df500000| Untracked |  0
| 501|0x00000000df500000, 0x00000000df600000, 0x00000000df600000|100%| O|  |TAMS 0x00000000df600000| PB 0x00000000df600000| Untracked |  0
| 502|0x00000000df600000, 0x00000000df700000, 0x00000000df700000|100%| O|  |TAMS 0x00000000df700000| PB 0x00000000df700000| Untracked |  0
| 503|0x00000000df700000, 0x00000000df800000, 0x00000000df800000|100%| O|  |TAMS 0x00000000df800000| PB 0x00000000df800000| Untracked |  0
| 504|0x00000000df800000, 0x00000000df900000, 0x00000000df900000|100%| O|  |TAMS 0x00000000df800000| PB 0x00000000df800000| Untracked |  0
| 505|0x00000000df900000, 0x00000000dfa00000, 0x00000000dfa00000|100%| O|  |TAMS 0x00000000df900000| PB 0x00000000df900000| Untracked |  0
| 506|0x00000000dfa00000, 0x00000000dfb00000, 0x00000000dfb00000|100%| O|  |TAMS 0x00000000dfa00000| PB 0x00000000dfa00000| Untracked |  0
| 507|0x00000000dfb00000, 0x00000000dfc00000, 0x00000000dfc00000|100%| O|  |TAMS 0x00000000dfb00000| PB 0x00000000dfb00000| Untracked |  0
| 508|0x00000000dfc00000, 0x00000000dfd00000, 0x00000000dfd00000|100%| O|  |TAMS 0x00000000dfc00000| PB 0x00000000dfc00000| Untracked |  0
| 509|0x00000000dfd00000, 0x00000000dfe00000, 0x00000000dfe00000|100%| O|  |TAMS 0x00000000dfd00000| PB 0x00000000dfd00000| Untracked |  0
| 510|0x00000000dfe00000, 0x00000000dff00000, 0x00000000dff00000|100%| O|  |TAMS 0x00000000dfe00000| PB 0x00000000dfe00000| Untracked |  0
| 511|0x00000000dff00000, 0x00000000e0000000, 0x00000000e0000000|100%| O|  |TAMS 0x00000000dff00000| PB 0x00000000dff00000| Untracked |  0
| 512|0x00000000e0000000, 0x00000000e0100000, 0x00000000e0100000|100%| O|  |TAMS 0x00000000e0000000| PB 0x00000000e0000000| Untracked |  0
| 513|0x00000000e0100000, 0x00000000e0200000, 0x00000000e0200000|100%| O|  |TAMS 0x00000000e0100000| PB 0x00000000e0100000| Untracked |  0
| 514|0x00000000e0200000, 0x00000000e0300000, 0x00000000e0300000|100%| O|  |TAMS 0x00000000e0200000| PB 0x00000000e0200000| Untracked |  0
| 515|0x00000000e0300000, 0x00000000e0400000, 0x00000000e0400000|100%| O|  |TAMS 0x00000000e0300000| PB 0x00000000e0300000| Untracked |  0
| 516|0x00000000e0400000, 0x00000000e0500000, 0x00000000e0500000|100%| O|  |TAMS 0x00000000e0400000| PB 0x00000000e0400000| Untracked |  0
| 517|0x00000000e0500000, 0x00000000e0600000, 0x00000000e0600000|100%| O|  |TAMS 0x00000000e0500000| PB 0x00000000e0500000| Untracked |  0
| 518|0x00000000e0600000, 0x00000000e0700000, 0x00000000e0700000|100%| O|  |TAMS 0x00000000e0600000| PB 0x00000000e0600000| Untracked |  0
| 519|0x00000000e0700000, 0x00000000e0800000, 0x00000000e0800000|100%| O|  |TAMS 0x00000000e0800000| PB 0x00000000e0800000| Untracked |  0
| 520|0x00000000e0800000, 0x00000000e0900000, 0x00000000e0900000|100%| O|Cm|TAMS 0x00000000e0900000| PB 0x00000000e0900000| Updating |  0
| 521|0x00000000e0900000, 0x00000000e0a00000, 0x00000000e0a00000|100%| O|  |TAMS 0x00000000e0980000| PB 0x00000000e0980000| Untracked |  0
| 522|0x00000000e0a00000, 0x00000000e0b00000, 0x00000000e0b00000|100%| O|  |TAMS 0x00000000e0a00000| PB 0x00000000e0a00000| Untracked |  0
| 523|0x00000000e0b00000, 0x00000000e0c00000, 0x00000000e0c00000|100%| O|  |TAMS 0x00000000e0b00000| PB 0x00000000e0b00000| Untracked |  0
| 524|0x00000000e0c00000, 0x00000000e0d00000, 0x00000000e0d00000|100%| O|  |TAMS 0x00000000e0c00000| PB 0x00000000e0c00000| Untracked |  0
| 525|0x00000000e0d00000, 0x00000000e0e00000, 0x00000000e0e00000|100%| O|  |TAMS 0x00000000e0d00000| PB 0x00000000e0d00000| Untracked |  0
| 526|0x00000000e0e00000, 0x00000000e0f00000, 0x00000000e0f00000|100%| O|  |TAMS 0x00000000e0e00000| PB 0x00000000e0e00000| Untracked |  0
| 527|0x00000000e0f00000, 0x00000000e1000000, 0x00000000e1000000|100%| O|  |TAMS 0x00000000e0f00000| PB 0x00000000e0f00000| Untracked |  0
| 528|0x00000000e1000000, 0x00000000e1100000, 0x00000000e1100000|100%| O|  |TAMS 0x00000000e1000000| PB 0x00000000e1000000| Untracked |  0
| 529|0x00000000e1100000, 0x00000000e1200000, 0x00000000e1200000|100%| O|  |TAMS 0x00000000e1100000| PB 0x00000000e1100000| Untracked |  0
| 530|0x00000000e1200000, 0x00000000e1300000, 0x00000000e1300000|100%| O|  |TAMS 0x00000000e1200000| PB 0x00000000e1200000| Untracked |  0
| 531|0x00000000e1300000, 0x00000000e1400000, 0x00000000e1400000|100%| O|  |TAMS 0x00000000e1300000| PB 0x00000000e1300000| Untracked |  0
| 532|0x00000000e1400000, 0x00000000e1500000, 0x00000000e1500000|100%| O|  |TAMS 0x00000000e1400000| PB 0x00000000e1400000| Untracked |  0
| 533|0x00000000e1500000, 0x00000000e1600000, 0x00000000e1600000|100%| O|  |TAMS 0x00000000e1500000| PB 0x00000000e1500000| Untracked |  0
| 534|0x00000000e1600000, 0x00000000e1700000, 0x00000000e1700000|100%| O|  |TAMS 0x00000000e1600000| PB 0x00000000e1600000| Untracked |  0
| 535|0x00000000e1700000, 0x00000000e1800000, 0x00000000e1800000|100%| O|  |TAMS 0x00000000e1700000| PB 0x00000000e1700000| Untracked |  0
| 536|0x00000000e1800000, 0x00000000e1900000, 0x00000000e1900000|100%| O|  |TAMS 0x00000000e1800000| PB 0x00000000e1800000| Untracked |  0
| 537|0x00000000e1900000, 0x00000000e1a00000, 0x00000000e1a00000|100%| O|  |TAMS 0x00000000e1900000| PB 0x00000000e1900000| Untracked |  0
| 538|0x00000000e1a00000, 0x00000000e1b00000, 0x00000000e1b00000|100%| O|  |TAMS 0x00000000e1a00000| PB 0x00000000e1a00000| Untracked |  0
| 539|0x00000000e1b00000, 0x00000000e1c00000, 0x00000000e1c00000|100%| O|  |TAMS 0x00000000e1b00000| PB 0x00000000e1b00000| Untracked |  0
| 540|0x00000000e1c00000, 0x00000000e1d00000, 0x00000000e1d00000|100%| O|  |TAMS 0x00000000e1c00000| PB 0x00000000e1c00000| Untracked |  0
| 541|0x00000000e1d00000, 0x00000000e1e00000, 0x00000000e1e00000|100%| O|  |TAMS 0x00000000e1d00000| PB 0x00000000e1d00000| Untracked |  0
| 542|0x00000000e1e00000, 0x00000000e1f00000, 0x00000000e1f00000|100%| O|  |TAMS 0x00000000e1e00000| PB 0x00000000e1e00000| Untracked |  0
| 543|0x00000000e1f00000, 0x00000000e2000000, 0x00000000e2000000|100%| O|  |TAMS 0x00000000e1f00000| PB 0x00000000e1f00000| Untracked |  0
| 544|0x00000000e2000000, 0x00000000e2100000, 0x00000000e2100000|100%| O|  |TAMS 0x00000000e2000000| PB 0x00000000e2000000| Untracked |  0
| 545|0x00000000e2100000, 0x00000000e2200000, 0x00000000e2200000|100%| O|  |TAMS 0x00000000e2100000| PB 0x00000000e2100000| Untracked |  0
| 546|0x00000000e2200000, 0x00000000e2300000, 0x00000000e2300000|100%| O|  |TAMS 0x00000000e2200000| PB 0x00000000e2200000| Untracked |  0
| 547|0x00000000e2300000, 0x00000000e2400000, 0x00000000e2400000|100%| O|  |TAMS 0x00000000e2300000| PB 0x00000000e2300000| Untracked |  0
| 548|0x00000000e2400000, 0x00000000e2500000, 0x00000000e2500000|100%| O|  |TAMS 0x00000000e2400000| PB 0x00000000e2400000| Untracked |  0
| 549|0x00000000e2500000, 0x00000000e2600000, 0x00000000e2600000|100%| O|  |TAMS 0x00000000e2500000| PB 0x00000000e2500000| Untracked |  0
| 550|0x00000000e2600000, 0x00000000e2700000, 0x00000000e2700000|100%| O|  |TAMS 0x00000000e2600000| PB 0x00000000e2600000| Untracked |  0
| 551|0x00000000e2700000, 0x00000000e2800000, 0x00000000e2800000|100%| O|  |TAMS 0x00000000e2700000| PB 0x00000000e2700000| Untracked |  0
| 552|0x00000000e2800000, 0x00000000e2900000, 0x00000000e2900000|100%| O|  |TAMS 0x00000000e2800000| PB 0x00000000e2800000| Untracked |  0
| 553|0x00000000e2900000, 0x00000000e2a00000, 0x00000000e2a00000|100%| O|  |TAMS 0x00000000e2900000| PB 0x00000000e2900000| Untracked |  0
| 554|0x00000000e2a00000, 0x00000000e2b00000, 0x00000000e2b00000|100%| O|  |TAMS 0x00000000e2a00000| PB 0x00000000e2a00000| Untracked |  0
| 555|0x00000000e2b00000, 0x00000000e2c00000, 0x00000000e2c00000|100%| O|  |TAMS 0x00000000e2b00000| PB 0x00000000e2b00000| Untracked |  0
| 556|0x00000000e2c00000, 0x00000000e2d00000, 0x00000000e2d00000|100%| O|  |TAMS 0x00000000e2c00000| PB 0x00000000e2c00000| Untracked |  0
| 557|0x00000000e2d00000, 0x00000000e2e00000, 0x00000000e2e00000|100%| O|  |TAMS 0x00000000e2d00000| PB 0x00000000e2d00000| Untracked |  0
| 558|0x00000000e2e00000, 0x00000000e2f00000, 0x00000000e2f00000|100%| O|  |TAMS 0x00000000e2e00000| PB 0x00000000e2e00000| Untracked |  0
| 559|0x00000000e2f00000, 0x00000000e3000000, 0x00000000e3000000|100%| O|  |TAMS 0x00000000e2f00000| PB 0x00000000e2f00000| Untracked |  0
| 560|0x00000000e3000000, 0x00000000e3100000, 0x00000000e3100000|100%| O|  |TAMS 0x00000000e3000000| PB 0x00000000e3000000| Untracked |  0
| 561|0x00000000e3100000, 0x00000000e3200000, 0x00000000e3200000|100%| O|  |TAMS 0x00000000e3100000| PB 0x00000000e3100000| Untracked |  0
| 562|0x00000000e3200000, 0x00000000e3300000, 0x00000000e3300000|100%| O|  |TAMS 0x00000000e3200000| PB 0x00000000e3200000| Untracked |  0
| 563|0x00000000e3300000, 0x00000000e3400000, 0x00000000e3400000|100%| O|  |TAMS 0x00000000e3300000| PB 0x00000000e3300000| Untracked |  0
| 564|0x00000000e3400000, 0x00000000e3500000, 0x00000000e3500000|100%| O|  |TAMS 0x00000000e3400000| PB 0x00000000e3400000| Untracked |  0
| 565|0x00000000e3500000, 0x00000000e3600000, 0x00000000e3600000|100%| O|  |TAMS 0x00000000e3500000| PB 0x00000000e3500000| Untracked |  0
| 566|0x00000000e3600000, 0x00000000e3700000, 0x00000000e3700000|100%| O|  |TAMS 0x00000000e3600000| PB 0x00000000e3600000| Untracked |  0
| 567|0x00000000e3700000, 0x00000000e3800000, 0x00000000e3800000|100%| O|  |TAMS 0x00000000e3700000| PB 0x00000000e3700000| Untracked |  0
| 568|0x00000000e3800000, 0x00000000e3900000, 0x00000000e3900000|100%|HS|  |TAMS 0x00000000e3800000| PB 0x00000000e3800000| Complete |  0
| 569|0x00000000e3900000, 0x00000000e3a00000, 0x00000000e3a00000|100%|HS|  |TAMS 0x00000000e3900000| PB 0x00000000e3900000| Complete |  0
| 570|0x00000000e3a00000, 0x00000000e3b00000, 0x00000000e3b00000|100%| O|  |TAMS 0x00000000e3a00000| PB 0x00000000e3a00000| Untracked |  0
| 571|0x00000000e3b00000, 0x00000000e3c00000, 0x00000000e3c00000|100%| O|  |TAMS 0x00000000e3b00000| PB 0x00000000e3b00000| Untracked |  0
| 572|0x00000000e3c00000, 0x00000000e3d00000, 0x00000000e3d00000|100%| O|  |TAMS 0x00000000e3c00000| PB 0x00000000e3c00000| Untracked |  0
| 573|0x00000000e3d00000, 0x00000000e3e00000, 0x00000000e3e00000|100%| O|  |TAMS 0x00000000e3d00000| PB 0x00000000e3d00000| Untracked |  0
| 574|0x00000000e3e00000, 0x00000000e3f00000, 0x00000000e3f00000|100%| O|  |TAMS 0x00000000e3e00000| PB 0x00000000e3e00000| Untracked |  0
| 575|0x00000000e3f00000, 0x00000000e4000000, 0x00000000e4000000|100%| O|  |TAMS 0x00000000e3f00000| PB 0x00000000e3f00000| Untracked |  0
| 576|0x00000000e4000000, 0x00000000e4100000, 0x00000000e4100000|100%| O|  |TAMS 0x00000000e4000000| PB 0x00000000e4000000| Untracked |  0
| 577|0x00000000e4100000, 0x00000000e4200000, 0x00000000e4200000|100%| O|  |TAMS 0x00000000e4100000| PB 0x00000000e4100000| Untracked |  0
| 578|0x00000000e4200000, 0x00000000e4300000, 0x00000000e4300000|100%| O|  |TAMS 0x00000000e4200000| PB 0x00000000e4200000| Untracked |  0
| 579|0x00000000e4300000, 0x00000000e4400000, 0x00000000e4400000|100%| O|  |TAMS 0x00000000e4300000| PB 0x00000000e4300000| Untracked |  0
| 580|0x00000000e4400000, 0x00000000e4500000, 0x00000000e4500000|100%| O|  |TAMS 0x00000000e4400000| PB 0x00000000e4400000| Untracked |  0
| 581|0x00000000e4500000, 0x00000000e4600000, 0x00000000e4600000|100%| O|  |TAMS 0x00000000e4500000| PB 0x00000000e4500000| Untracked |  0
| 582|0x00000000e4600000, 0x00000000e4700000, 0x00000000e4700000|100%| O|  |TAMS 0x00000000e4600000| PB 0x00000000e4600000| Untracked |  0
| 583|0x00000000e4700000, 0x00000000e4800000, 0x00000000e4800000|100%| O|  |TAMS 0x00000000e4700000| PB 0x00000000e4700000| Untracked |  0
| 584|0x00000000e4800000, 0x00000000e4900000, 0x00000000e4900000|100%| O|  |TAMS 0x00000000e4800000| PB 0x00000000e4800000| Untracked |  0
| 585|0x00000000e4900000, 0x00000000e4a00000, 0x00000000e4a00000|100%| O|  |TAMS 0x00000000e4900000| PB 0x00000000e4900000| Untracked |  0
| 586|0x00000000e4a00000, 0x00000000e4b00000, 0x00000000e4b00000|100%| O|  |TAMS 0x00000000e4a00000| PB 0x00000000e4a00000| Untracked |  0
| 587|0x00000000e4b00000, 0x00000000e4c00000, 0x00000000e4c00000|100%| O|  |TAMS 0x00000000e4b00000| PB 0x00000000e4b00000| Untracked |  0
| 588|0x00000000e4c00000, 0x00000000e4d00000, 0x00000000e4d00000|100%| O|  |TAMS 0x00000000e4c00000| PB 0x00000000e4c00000| Untracked |  0
| 589|0x00000000e4d00000, 0x00000000e4e00000, 0x00000000e4e00000|100%| O|  |TAMS 0x00000000e4d00000| PB 0x00000000e4d00000| Untracked |  0
| 590|0x00000000e4e00000, 0x00000000e4f00000, 0x00000000e4f00000|100%| O|  |TAMS 0x00000000e4e00000| PB 0x00000000e4e00000| Untracked |  0
| 591|0x00000000e4f00000, 0x00000000e5000000, 0x00000000e5000000|100%| O|  |TAMS 0x00000000e4f00000| PB 0x00000000e4f00000| Untracked |  0
| 592|0x00000000e5000000, 0x00000000e5100000, 0x00000000e5100000|100%| O|  |TAMS 0x00000000e5000000| PB 0x00000000e5000000| Untracked |  0
| 593|0x00000000e5100000, 0x00000000e5200000, 0x00000000e5200000|100%| O|  |TAMS 0x00000000e5100000| PB 0x00000000e5100000| Untracked |  0
| 594|0x00000000e5200000, 0x00000000e5300000, 0x00000000e5300000|100%| O|  |TAMS 0x00000000e5200000| PB 0x00000000e5200000| Untracked |  0
| 595|0x00000000e5300000, 0x00000000e5400000, 0x00000000e5400000|100%| O|  |TAMS 0x00000000e5300000| PB 0x00000000e5300000| Untracked |  0
| 596|0x00000000e5400000, 0x00000000e5500000, 0x00000000e5500000|100%| O|  |TAMS 0x00000000e5400000| PB 0x00000000e5400000| Untracked |  0
| 597|0x00000000e5500000, 0x00000000e5600000, 0x00000000e5600000|100%| O|  |TAMS 0x00000000e5500000| PB 0x00000000e5500000| Untracked |  0
| 598|0x00000000e5600000, 0x00000000e5700000, 0x00000000e5700000|100%| O|  |TAMS 0x00000000e5600000| PB 0x00000000e5600000| Untracked |  0
| 599|0x00000000e5700000, 0x00000000e5800000, 0x00000000e5800000|100%| O|  |TAMS 0x00000000e5700000| PB 0x00000000e5700000| Untracked |  0
| 600|0x00000000e5800000, 0x00000000e5900000, 0x00000000e5900000|100%| O|  |TAMS 0x00000000e5800000| PB 0x00000000e5800000| Untracked |  0
| 601|0x00000000e5900000, 0x00000000e5a00000, 0x00000000e5a00000|100%| O|  |TAMS 0x00000000e5900000| PB 0x00000000e5900000| Untracked |  0
| 602|0x00000000e5a00000, 0x00000000e5b00000, 0x00000000e5b00000|100%| O|  |TAMS 0x00000000e5a00000| PB 0x00000000e5a00000| Untracked |  0
| 603|0x00000000e5b00000, 0x00000000e5c00000, 0x00000000e5c00000|100%| O|  |TAMS 0x00000000e5b00000| PB 0x00000000e5b00000| Untracked |  0
| 604|0x00000000e5c00000, 0x00000000e5d00000, 0x00000000e5d00000|100%| O|  |TAMS 0x00000000e5c00000| PB 0x00000000e5c00000| Untracked |  0
| 605|0x00000000e5d00000, 0x00000000e5e00000, 0x00000000e5e00000|100%| O|  |TAMS 0x00000000e5d00000| PB 0x00000000e5d00000| Untracked |  0
| 606|0x00000000e5e00000, 0x00000000e5f00000, 0x00000000e5f00000|100%| O|  |TAMS 0x00000000e5e00000| PB 0x00000000e5e00000| Untracked |  0
| 607|0x00000000e5f00000, 0x00000000e6000000, 0x00000000e6000000|100%| O|  |TAMS 0x00000000e5f00000| PB 0x00000000e5f00000| Untracked |  0
| 608|0x00000000e6000000, 0x00000000e6100000, 0x00000000e6100000|100%| O|  |TAMS 0x00000000e6000000| PB 0x00000000e6000000| Untracked |  0
| 609|0x00000000e6100000, 0x00000000e6200000, 0x00000000e6200000|100%| O|  |TAMS 0x00000000e6100000| PB 0x00000000e6100000| Untracked |  0
| 610|0x00000000e6200000, 0x00000000e6300000, 0x00000000e6300000|100%| O|  |TAMS 0x00000000e6200000| PB 0x00000000e6200000| Untracked |  0
| 611|0x00000000e6300000, 0x00000000e6400000, 0x00000000e6400000|100%| O|  |TAMS 0x00000000e6300000| PB 0x00000000e6300000| Untracked |  0
| 612|0x00000000e6400000, 0x00000000e6500000, 0x00000000e6500000|100%| O|  |TAMS 0x00000000e6400000| PB 0x00000000e6400000| Untracked |  0
| 613|0x00000000e6500000, 0x00000000e6600000, 0x00000000e6600000|100%| O|  |TAMS 0x00000000e6500000| PB 0x00000000e6500000| Untracked |  0
| 614|0x00000000e6600000, 0x00000000e6700000, 0x00000000e6700000|100%|HS|  |TAMS 0x00000000e6600000| PB 0x00000000e6600000| Complete |  0
| 615|0x00000000e6700000, 0x00000000e6800000, 0x00000000e6800000|100%|HS|  |TAMS 0x00000000e6700000| PB 0x00000000e6700000| Complete |  0
| 616|0x00000000e6800000, 0x00000000e6900000, 0x00000000e6900000|100%|HC|  |TAMS 0x00000000e6800000| PB 0x00000000e6800000| Complete |  0
| 617|0x00000000e6900000, 0x00000000e6a00000, 0x00000000e6a00000|100%|HS|  |TAMS 0x00000000e6900000| PB 0x00000000e6900000| Complete |  0
| 618|0x00000000e6a00000, 0x00000000e6b00000, 0x00000000e6b00000|100%|HC|  |TAMS 0x00000000e6a00000| PB 0x00000000e6a00000| Complete |  0
| 619|0x00000000e6b00000, 0x00000000e6c00000, 0x00000000e6c00000|100%|HC|  |TAMS 0x00000000e6b00000| PB 0x00000000e6b00000| Complete |  0
| 620|0x00000000e6c00000, 0x00000000e6c00000, 0x00000000e6d00000|  0%| F|  |TAMS 0x00000000e6c00000| PB 0x00000000e6c00000| Untracked |  0
| 621|0x00000000e6d00000, 0x00000000e6d00000, 0x00000000e6e00000|  0%| F|  |TAMS 0x00000000e6d00000| PB 0x00000000e6d00000| Untracked |  0
| 622|0x00000000e6e00000, 0x00000000e6e00000, 0x00000000e6f00000|  0%| F|  |TAMS 0x00000000e6e00000| PB 0x00000000e6e00000| Untracked |  0
| 623|0x00000000e6f00000, 0x00000000e6f00000, 0x00000000e7000000|  0%| F|  |TAMS 0x00000000e6f00000| PB 0x00000000e6f00000| Untracked |  0
| 624|0x00000000e7000000, 0x00000000e7000000, 0x00000000e7100000|  0%| F|  |TAMS 0x00000000e7000000| PB 0x00000000e7000000| Untracked |  0
| 625|0x00000000e7100000, 0x00000000e7100000, 0x00000000e7200000|  0%| F|  |TAMS 0x00000000e7100000| PB 0x00000000e7100000| Untracked |  0
| 626|0x00000000e7200000, 0x00000000e7200000, 0x00000000e7300000|  0%| F|  |TAMS 0x00000000e7200000| PB 0x00000000e7200000| Untracked |  0
| 627|0x00000000e7300000, 0x00000000e7300000, 0x00000000e7400000|  0%| F|  |TAMS 0x00000000e7300000| PB 0x00000000e7300000| Untracked |  0
| 628|0x00000000e7400000, 0x00000000e7400000, 0x00000000e7500000|  0%| F|  |TAMS 0x00000000e7400000| PB 0x00000000e7400000| Untracked |  0
| 629|0x00000000e7500000, 0x00000000e7600000, 0x00000000e7600000|100%| S|CS|TAMS 0x00000000e7500000| PB 0x00000000e7500000| Complete |  0
| 630|0x00000000e7600000, 0x00000000e7700000, 0x00000000e7700000|100%| S|CS|TAMS 0x00000000e7600000| PB 0x00000000e7600000| Complete |  0
| 631|0x00000000e7700000, 0x00000000e7800000, 0x00000000e7800000|100%| S|CS|TAMS 0x00000000e7700000| PB 0x00000000e7700000| Complete |  0
| 632|0x00000000e7800000, 0x00000000e7900000, 0x00000000e7900000|100%| S|CS|TAMS 0x00000000e7800000| PB 0x00000000e7800000| Complete |  0
| 633|0x00000000e7900000, 0x00000000e7a00000, 0x00000000e7a00000|100%| S|CS|TAMS 0x00000000e7900000| PB 0x00000000e7900000| Complete |  0
| 634|0x00000000e7a00000, 0x00000000e7a00000, 0x00000000e7b00000|  0%| F|  |TAMS 0x00000000e7a00000| PB 0x00000000e7a00000| Untracked |  0
| 635|0x00000000e7b00000, 0x00000000e7b00000, 0x00000000e7c00000|  0%| F|  |TAMS 0x00000000e7b00000| PB 0x00000000e7b00000| Untracked |  0
| 636|0x00000000e7c00000, 0x00000000e7c00000, 0x00000000e7d00000|  0%| F|  |TAMS 0x00000000e7c00000| PB 0x00000000e7c00000| Untracked |  0
| 637|0x00000000e7d00000, 0x00000000e7d65f10, 0x00000000e7e00000| 39%| E|  |TAMS 0x00000000e7d00000| PB 0x00000000e7d00000| Complete |  0
| 638|0x00000000e7e00000, 0x00000000e7f00000, 0x00000000e7f00000|100%| E|CS|TAMS 0x00000000e7e00000| PB 0x00000000e7e00000| Complete |  0
| 639|0x00000000e7f00000, 0x00000000e8000000, 0x00000000e8000000|100%| E|CS|TAMS 0x00000000e7f00000| PB 0x00000000e7f00000| Complete |  0
| 640|0x00000000e8000000, 0x00000000e8100000, 0x00000000e8100000|100%| E|CS|TAMS 0x00000000e8000000| PB 0x00000000e8000000| Complete |  0
| 641|0x00000000e8100000, 0x00000000e8200000, 0x00000000e8200000|100%| E|CS|TAMS 0x00000000e8100000| PB 0x00000000e8100000| Complete |  0
| 642|0x00000000e8200000, 0x00000000e8300000, 0x00000000e8300000|100%| E|CS|TAMS 0x00000000e8200000| PB 0x00000000e8200000| Complete |  0
| 643|0x00000000e8300000, 0x00000000e8400000, 0x00000000e8400000|100%| E|CS|TAMS 0x00000000e8300000| PB 0x00000000e8300000| Complete |  0
| 644|0x00000000e8400000, 0x00000000e8500000, 0x00000000e8500000|100%| E|CS|TAMS 0x00000000e8400000| PB 0x00000000e8400000| Complete |  0
| 645|0x00000000e8500000, 0x00000000e8600000, 0x00000000e8600000|100%| E|CS|TAMS 0x00000000e8500000| PB 0x00000000e8500000| Complete |  0
| 646|0x00000000e8600000, 0x00000000e8700000, 0x00000000e8700000|100%| E|CS|TAMS 0x00000000e8600000| PB 0x00000000e8600000| Complete |  0
| 647|0x00000000e8700000, 0x00000000e8800000, 0x00000000e8800000|100%| E|CS|TAMS 0x00000000e8700000| PB 0x00000000e8700000| Complete |  0
| 648|0x00000000e8800000, 0x00000000e8900000, 0x00000000e8900000|100%| E|CS|TAMS 0x00000000e8800000| PB 0x00000000e8800000| Complete |  0
| 649|0x00000000e8900000, 0x00000000e8a00000, 0x00000000e8a00000|100%| E|CS|TAMS 0x00000000e8900000| PB 0x00000000e8900000| Complete |  0
| 650|0x00000000e8a00000, 0x00000000e8b00000, 0x00000000e8b00000|100%| E|CS|TAMS 0x00000000e8a00000| PB 0x00000000e8a00000| Complete |  0
| 651|0x00000000e8b00000, 0x00000000e8c00000, 0x00000000e8c00000|100%| E|CS|TAMS 0x00000000e8b00000| PB 0x00000000e8b00000| Complete |  0
|1001|0x00000000fe900000, 0x00000000fea00000, 0x00000000fea00000|100%| O|  |TAMS 0x00000000fea00000| PB 0x00000000fea00000| Untracked |  0
|1002|0x00000000fea00000, 0x00000000feb00000, 0x00000000feb00000|100%| O|  |TAMS 0x00000000feb00000| PB 0x00000000feb00000| Untracked |  0
|1003|0x00000000feb00000, 0x00000000fec00000, 0x00000000fec00000|100%| O|  |TAMS 0x00000000fec00000| PB 0x00000000fec00000| Untracked |  0
|1004|0x00000000fec00000, 0x00000000fed00000, 0x00000000fed00000|100%| O|  |TAMS 0x00000000fed00000| PB 0x00000000fed00000| Untracked |  0
|1005|0x00000000fed00000, 0x00000000fee00000, 0x00000000fee00000|100%| O|  |TAMS 0x00000000fee00000| PB 0x00000000fee00000| Untracked |  0
|1006|0x00000000fee00000, 0x00000000fef00000, 0x00000000fef00000|100%| O|  |TAMS 0x00000000fef00000| PB 0x00000000fef00000| Untracked |  0
|1007|0x00000000fef00000, 0x00000000ff000000, 0x00000000ff000000|100%| O|  |TAMS 0x00000000ff000000| PB 0x00000000ff000000| Untracked |  0
|1008|0x00000000ff000000, 0x00000000ff100000, 0x00000000ff100000|100%| O|  |TAMS 0x00000000ff100000| PB 0x00000000ff100000| Untracked |  0
|1009|0x00000000ff100000, 0x00000000ff200000, 0x00000000ff200000|100%| O|  |TAMS 0x00000000ff200000| PB 0x00000000ff200000| Untracked |  0
|1010|0x00000000ff200000, 0x00000000ff300000, 0x00000000ff300000|100%| O|  |TAMS 0x00000000ff300000| PB 0x00000000ff300000| Untracked |  0
|1011|0x00000000ff300000, 0x00000000ff400000, 0x00000000ff400000|100%| O|  |TAMS 0x00000000ff400000| PB 0x00000000ff400000| Untracked |  0
|1012|0x00000000ff400000, 0x00000000ff500000, 0x00000000ff500000|100%| O|Cm|TAMS 0x00000000ff500000| PB 0x00000000ff500000| Updating |  0
|1013|0x00000000ff500000, 0x00000000ff600000, 0x00000000ff600000|100%| O|  |TAMS 0x00000000ff600000| PB 0x00000000ff600000| Untracked |  0
|1014|0x00000000ff600000, 0x00000000ff700000, 0x00000000ff700000|100%| E|CS|TAMS 0x00000000ff600000| PB 0x00000000ff600000| Complete |  0
|1015|0x00000000ff700000, 0x00000000ff800000, 0x00000000ff800000|100%| E|CS|TAMS 0x00000000ff700000| PB 0x00000000ff700000| Complete |  0
|1016|0x00000000ff800000, 0x00000000ff900000, 0x00000000ff900000|100%| E|CS|TAMS 0x00000000ff800000| PB 0x00000000ff800000| Complete |  0
|1017|0x00000000ff900000, 0x00000000ffa00000, 0x00000000ffa00000|100%| E|CS|TAMS 0x00000000ff900000| PB 0x00000000ff900000| Complete |  0
|1018|0x00000000ffa00000, 0x00000000ffb00000, 0x00000000ffb00000|100%| E|CS|TAMS 0x00000000ffa00000| PB 0x00000000ffa00000| Complete |  0
|1019|0x00000000ffb00000, 0x00000000ffc00000, 0x00000000ffc00000|100%| E|CS|TAMS 0x00000000ffb00000| PB 0x00000000ffb00000| Complete |  0
|1020|0x00000000ffc00000, 0x00000000ffd00000, 0x00000000ffd00000|100%| E|CS|TAMS 0x00000000ffc00000| PB 0x00000000ffc00000| Complete |  0
|1021|0x00000000ffd00000, 0x00000000ffe00000, 0x00000000ffe00000|100%| E|CS|TAMS 0x00000000ffd00000| PB 0x00000000ffd00000| Complete |  0
|1022|0x00000000ffe00000, 0x00000000fff00000, 0x00000000fff00000|100%| O|  |TAMS 0x00000000fff00000| PB 0x00000000fff00000| Untracked |  0
|1023|0x00000000fff00000, 0x0000000100000000, 0x0000000100000000|100%| E|CS|TAMS 0x00000000fff00000| PB 0x00000000fff00000| Complete |  0

Card table byte_map: [0x00000296fbe00000,0x00000296fc000000] _byte_map_base: 0x00000296fb800000

Marking Bits: (CMBitMap*) 0x00000296e3cf3a30
 Bits: [0x00000296fc000000, 0x00000296fd000000)

Polling page: 0x00000296e19a0000

Metaspace:
Metaspace        used 93763K, committed 95744K, reserved 1179648K
 class space     used 13517K, committed 14464K, reserved 1048576K

Usage:
  Non-class:     78.37 MB used.
      Class:     13.20 MB used.
       Both:     91.57 MB used.

Virtual space:
  Non-class space:      128.00 MB reserved,      79.38 MB ( 62%) committed,  2 nodes.
      Class space:        1.00 GB reserved,      14.12 MB (  1%) committed,  1 nodes.
             Both:        1.12 GB reserved,      93.50 MB (  8%) committed. 

Chunk freelists:
   Non-Class:  372.00 KB
       Class:  1.76 MB
        Both:  2.12 MB

MaxMetaspaceSize: unlimited
CompressedClassSpaceSize: 1.00 GB
Initial GC threshold: 21.00 MB
Current GC threshold: 155.88 MB
CDS: on
 - commit_granule_bytes: 65536.
 - commit_granule_words: 8192.
 - virtual_space_node_default_size: 8388608.
 - enlarge_chunks_in_place: 1.
UseCompressedClassPointers 1, UseCompactObjectHeaders 0
Narrow klass pointer bits 32, Max shift 3
Narrow klass base: 0x000000002a000000, Narrow klass shift: 0
Encoding Range: [0x000000002a000000 - 0x000000012a000000), (4294967296 bytes)
Klass Range:    [0x000000002a010000 - 0x000000006b000000), (1090453504 bytes)
Klass ID Range:  [65536 - 1090519033) (1090453497)
Protection zone: [0x000000002a000000 - 0x000000002a010000), (65536 bytes)


Internal statistics:

num_allocs_failed_limit: 6.
num_arena_births: 3542.
num_arena_deaths: 26.
num_vsnodes_births: 3.
num_vsnodes_deaths: 0.
num_space_committed: 1495.
num_space_uncommitted: 0.
num_chunks_returned_to_freelist: 43.
num_chunks_taken_from_freelist: 7938.
num_chunk_merges: 12.
num_chunk_splits: 5113.
num_chunks_enlarged: 3146.
num_inconsistent_stats: 0.

CodeHeap 'non-profiled nmethods': size=120064Kb used=5925Kb max_used=5974Kb free=114138Kb
 bounds [0x00000296f4280000, 0x00000296f4860000, 0x00000296fb7c0000]
CodeHeap 'profiled nmethods': size=120064Kb used=17760Kb max_used=18352Kb free=102303Kb
 bounds [0x00000296ec7a0000, 0x00000296ed9c0000, 0x00000296f3ce0000]
CodeHeap 'non-nmethods': size=5760Kb used=2254Kb max_used=2361Kb free=3505Kb
 bounds [0x00000296f3ce0000, 0x00000296f3f50000, 0x00000296f4280000]
CodeCache: size=245888Kb, used=25939Kb, max_used=26687Kb, free=219946Kb
 total_blobs=12926, nmethods=12046, adapters=782, full_count=0
Compilation: enabled, stopped_count=0, restarted_count=0

Compilation events (20 events):
Event: 14.383 Thread 0x00000296885d00f0 14727       4       com.android.tools.r8.internal.fe0::<init> (5 bytes)
Event: 14.383 Thread 0x00000296885d00f0 nmethod 14727 0x00000296f483e488 code [0x00000296f483e580, 0x00000296f483e5f8]
Event: 14.474 Thread 0x00000296ff9f8580 nmethod 14908 0x00000296f483e788 code [0x00000296f483e880, 0x00000296f4842710]
Event: 14.704 Thread 0x00000296ff9faa70 14916   !   3       org.gradle.internal.event.AbstractBroadcastDispatch::dispatch (194 bytes)
Event: 14.705 Thread 0x00000296ff9faa70 nmethod 14916 0x00000296ecdbb888 code [0x00000296ecdbb980, 0x00000296ecdbd520]
Event: 14.781 Thread 0x00000296ff9f8580 14917 %     4       com.android.tools.r8.dex.x::a @ 236 (1016 bytes)
Event: 14.814 Thread 0x00000296885cf0d0 nmethod 14901 0x00000296f4842788 code [0x00000296f4842f40, 0x00000296f484e0f8]
Event: 14.826 Thread 0x00000296885cf0d0 14918       4       com.android.tools.r8.internal.ye0::<init> (13 bytes)
Event: 14.846 Thread 0x00000296885cf0d0 nmethod 14918 0x00000296f484e188 code [0x00000296f484e280, 0x00000296f484e6d8]
Event: 14.854 Thread 0x00000296885cf0d0 14919       4       com.android.tools.r8.internal.eg0::<init> (7 bytes)
Event: 14.854 Thread 0x00000296885cf0d0 nmethod 14919 0x00000296f484e708 code [0x00000296f484e800, 0x00000296f484e898]
Event: 14.882 Thread 0x00000296885cf0d0 14920       4       com.android.tools.r8.internal.pe0::<init> (13 bytes)
Event: 14.886 Thread 0x00000296885cf0d0 nmethod 14920 0x00000296f484ea08 code [0x00000296f484eb00, 0x00000296f484ef58]
Event: 14.908 Thread 0x00000296ff9faa70 14921       3       java.lang.management.ManagementFactory$$Lambda/0x000000002b032348::apply (12 bytes)
Event: 14.908 Thread 0x00000296ff9faa70 nmethod 14921 0x00000296ecac4388 code [0x00000296ecac4480, 0x00000296ecac4860]
Event: 14.908 Thread 0x00000296ff9faa70 14922       3       java.lang.management.ManagementFactory::lambda$getPlatformMXBeans$0 (13 bytes)
Event: 14.909 Thread 0x00000296ff9faa70 nmethod 14922 0x00000296ed75ed08 code [0x00000296ed75ee00, 0x00000296ed75f080]
Event: 14.909 Thread 0x00000296ff9faa70 14923       1       javax.management.ObjectName::getCanonicalName (5 bytes)
Event: 14.909 Thread 0x00000296ff9faa70 nmethod 14923 0x00000296f484ef88 code [0x00000296f484f080, 0x00000296f484f148]
Event: 14.959 Thread 0x00000296ff9f8580 nmethod 14917% 0x00000296f484f288 code [0x00000296f484f380, 0x00000296f4855938]

GC Heap Usage History (20 events):
Event: 12.147 {heap Before GC invocations=45 (full 0):
 garbage-first heap   total reserved 1048576K, committed 547840K, used 393040K [0x00000000c0000000, 0x0000000100000000)
  region size 1024K, 69 young (70656K), 6 survivors (6144K)
}
Event: 12.165 {heap After GC invocations=46 (full 0):
 garbage-first heap   total reserved 1048576K, committed 547840K, used 328919K [0x00000000c0000000, 0x0000000100000000)
  region size 1024K, 9 young (9216K), 9 survivors (9216K)
}
Event: 12.966 {heap Before GC invocations=46 (full 0):
 garbage-first heap   total reserved 1048576K, committed 547840K, used 465111K [0x00000000c0000000, 0x0000000100000000)
  region size 1024K, 126 young (129024K), 9 survivors (9216K)
}
Event: 13.012 {heap After GC invocations=47 (full 0):
 garbage-first heap   total reserved 1048576K, committed 547840K, used 347648K [0x00000000c0000000, 0x0000000100000000)
  region size 1024K, 16 young (16384K), 16 survivors (16384K)
}
Event: 13.343 {heap Before GC invocations=47 (full 0):
 garbage-first heap   total reserved 1048576K, committed 547840K, used 454144K [0x00000000c0000000, 0x0000000100000000)
  region size 1024K, 121 young (123904K), 16 survivors (16384K)
}
Event: 13.399 {heap After GC invocations=48 (full 0):
 garbage-first heap   total reserved 1048576K, committed 547840K, used 400896K [0x00000000c0000000, 0x0000000100000000)
  region size 1024K, 16 young (16384K), 16 survivors (16384K)
}
Event: 13.644 {heap Before GC invocations=49 (full 0):
 garbage-first heap   total reserved 1048576K, committed 667648K, used 471552K [0x00000000c0000000, 0x0000000100000000)
  region size 1024K, 87 young (89088K), 16 survivors (16384K)
}
Event: 13.681 {heap After GC invocations=50 (full 0):
 garbage-first heap   total reserved 1048576K, committed 667648K, used 441344K [0x00000000c0000000, 0x0000000100000000)
  region size 1024K, 11 young (11264K), 11 survivors (11264K)
}
Event: 13.934 {heap Before GC invocations=50 (full 0):
 garbage-first heap   total reserved 1048576K, committed 667648K, used 551936K [0x00000000c0000000, 0x0000000100000000)
  region size 1024K, 119 young (121856K), 11 survivors (11264K)
}
Event: 13.972 {heap After GC invocations=51 (full 0):
 garbage-first heap   total reserved 1048576K, committed 667648K, used 500736K [0x00000000c0000000, 0x0000000100000000)
  region size 1024K, 15 young (15360K), 15 survivors (15360K)
}
Event: 14.143 {heap Before GC invocations=51 (full 0):
 garbage-first heap   total reserved 1048576K, committed 667648K, used 576512K [0x00000000c0000000, 0x0000000100000000)
  region size 1024K, 90 young (92160K), 15 survivors (15360K)
}
Event: 14.176 {heap After GC invocations=52 (full 0):
 garbage-first heap   total reserved 1048576K, committed 667648K, used 537088K [0x00000000c0000000, 0x0000000100000000)
  region size 1024K, 12 young (12288K), 12 survivors (12288K)
}
Event: 14.404 {heap Before GC invocations=52 (full 0):
 garbage-first heap   total reserved 1048576K, committed 667648K, used 595456K [0x00000000c0000000, 0x0000000100000000)
  region size 1024K, 69 young (70656K), 12 survivors (12288K)
}
Event: 14.429 {heap After GC invocations=53 (full 0):
 garbage-first heap   total reserved 1048576K, committed 691200K, used 571392K [0x00000000c0000000, 0x0000000100000000)
  region size 1024K, 9 young (9216K), 9 survivors (9216K)
}
Event: 14.655 {heap Before GC invocations=53 (full 0):
 garbage-first heap   total reserved 1048576K, committed 691200K, used 624640K [0x00000000c0000000, 0x0000000100000000)
  region size 1024K, 61 young (62464K), 9 survivors (9216K)
}
Event: 14.675 {heap After GC invocations=54 (full 0):
 garbage-first heap   total reserved 1048576K, committed 691200K, used 603648K [0x00000000c0000000, 0x0000000100000000)
  region size 1024K, 8 young (8192K), 8 survivors (8192K)
}
Event: 14.829 {heap Before GC invocations=54 (full 0):
 garbage-first heap   total reserved 1048576K, committed 691200K, used 643584K [0x00000000c0000000, 0x0000000100000000)
  region size 1024K, 45 young (46080K), 8 survivors (8192K)
}
Event: 14.845 {heap After GC invocations=55 (full 0):
 garbage-first heap   total reserved 1048576K, committed 691200K, used 629760K [0x00000000c0000000, 0x0000000100000000)
  region size 1024K, 6 young (6144K), 6 survivors (6144K)
}
Event: 14.914 {heap Before GC invocations=55 (full 0):
 garbage-first heap   total reserved 1048576K, committed 691200K, used 657408K [0x00000000c0000000, 0x0000000100000000)
  region size 1024K, 33 young (33792K), 6 survivors (6144K)
}
Event: 14.926 {heap After GC invocations=56 (full 0):
 garbage-first heap   total reserved 1048576K, committed 691200K, used 648192K [0x00000000c0000000, 0x0000000100000000)
  region size 1024K, 5 young (5120K), 5 survivors (5120K)
}

Metaspace Usage History (20 events):
Event: 12.147 {metaspace Before GC invocations=45 (full 0):
 Metaspace       used 93511K, committed 95488K, reserved 1179648K
  class space    used 13504K, committed 14464K, reserved 1048576K
}
Event: 12.165 {metaspace After GC invocations=46 (full 0):
 Metaspace       used 93511K, committed 95488K, reserved 1179648K
  class space    used 13504K, committed 14464K, reserved 1048576K
}
Event: 12.966 {metaspace Before GC invocations=46 (full 0):
 Metaspace       used 93519K, committed 95488K, reserved 1179648K
  class space    used 13504K, committed 14464K, reserved 1048576K
}
Event: 13.012 {metaspace After GC invocations=47 (full 0):
 Metaspace       used 93519K, committed 95488K, reserved 1179648K
  class space    used 13504K, committed 14464K, reserved 1048576K
}
Event: 13.343 {metaspace Before GC invocations=47 (full 0):
 Metaspace       used 93757K, committed 95744K, reserved 1179648K
  class space    used 13518K, committed 14464K, reserved 1048576K
}
Event: 13.399 {metaspace After GC invocations=48 (full 0):
 Metaspace       used 93757K, committed 95744K, reserved 1179648K
  class space    used 13518K, committed 14464K, reserved 1048576K
}
Event: 13.644 {metaspace Before GC invocations=49 (full 0):
 Metaspace       used 93759K, committed 95744K, reserved 1179648K
  class space    used 13518K, committed 14464K, reserved 1048576K
}
Event: 13.681 {metaspace After GC invocations=50 (full 0):
 Metaspace       used 93759K, committed 95744K, reserved 1179648K
  class space    used 13518K, committed 14464K, reserved 1048576K
}
Event: 13.934 {metaspace Before GC invocations=50 (full 0):
 Metaspace       used 93762K, committed 95744K, reserved 1179648K
  class space    used 13518K, committed 14464K, reserved 1048576K
}
Event: 13.972 {metaspace After GC invocations=51 (full 0):
 Metaspace       used 93762K, committed 95744K, reserved 1179648K
  class space    used 13518K, committed 14464K, reserved 1048576K
}
Event: 14.144 {metaspace Before GC invocations=51 (full 0):
 Metaspace       used 93765K, committed 95744K, reserved 1179648K
  class space    used 13518K, committed 14464K, reserved 1048576K
}
Event: 14.176 {metaspace After GC invocations=52 (full 0):
 Metaspace       used 93765K, committed 95744K, reserved 1179648K
  class space    used 13518K, committed 14464K, reserved 1048576K
}
Event: 14.404 {metaspace Before GC invocations=52 (full 0):
 Metaspace       used 93765K, committed 95744K, reserved 1179648K
  class space    used 13518K, committed 14464K, reserved 1048576K
}
Event: 14.429 {metaspace After GC invocations=53 (full 0):
 Metaspace       used 93765K, committed 95744K, reserved 1179648K
  class space    used 13518K, committed 14464K, reserved 1048576K
}
Event: 14.656 {metaspace Before GC invocations=53 (full 0):
 Metaspace       used 93765K, committed 95744K, reserved 1179648K
  class space    used 13518K, committed 14464K, reserved 1048576K
}
Event: 14.675 {metaspace After GC invocations=54 (full 0):
 Metaspace       used 93765K, committed 95744K, reserved 1179648K
  class space    used 13518K, committed 14464K, reserved 1048576K
}
Event: 14.829 {metaspace Before GC invocations=54 (full 0):
 Metaspace       used 93766K, committed 95744K, reserved 1179648K
  class space    used 13518K, committed 14464K, reserved 1048576K
}
Event: 14.845 {metaspace After GC invocations=55 (full 0):
 Metaspace       used 93766K, committed 95744K, reserved 1179648K
  class space    used 13518K, committed 14464K, reserved 1048576K
}
Event: 14.914 {metaspace Before GC invocations=55 (full 0):
 Metaspace       used 93767K, committed 95744K, reserved 1179648K
  class space    used 13518K, committed 14464K, reserved 1048576K
}
Event: 14.926 {metaspace After GC invocations=56 (full 0):
 Metaspace       used 93767K, committed 95744K, reserved 1179648K
  class space    used 13518K, committed 14464K, reserved 1048576K
}

Dll operation events (15 events):
Event: 0.010 Loaded shared library C:\Users\manas\.gradle\jdks\eclipse_adoptium-25-amd64-windows.2\bin\java.dll
Event: 0.057 Loaded shared library C:\Users\manas\.gradle\jdks\eclipse_adoptium-25-amd64-windows.2\bin\zip.dll
Event: 0.060 Loaded shared library C:\Users\manas\.gradle\jdks\eclipse_adoptium-25-amd64-windows.2\bin\instrument.dll
Event: 0.062 Loaded shared library C:\Users\manas\.gradle\jdks\eclipse_adoptium-25-amd64-windows.2\bin\net.dll
Event: 0.064 Loaded shared library C:\Users\manas\.gradle\jdks\eclipse_adoptium-25-amd64-windows.2\bin\nio.dll
Event: 0.067 Loaded shared library C:\Users\manas\.gradle\jdks\eclipse_adoptium-25-amd64-windows.2\bin\zip.dll
Event: 0.172 Loaded shared library C:\Users\manas\.gradle\jdks\eclipse_adoptium-25-amd64-windows.2\bin\jimage.dll
Event: 0.313 Loaded shared library C:\Users\manas\.gradle\jdks\eclipse_adoptium-25-amd64-windows.2\bin\verify.dll
Event: 0.331 Loaded shared library C:\Users\manas\.gradle\native\660c5614fbf4a5f2a75b1949f50a0caf5cd603558e7d8a26e50b933a0cfb79d1\windows-amd64\native-platform.dll
Event: 0.339 Loaded shared library C:\Users\manas\.gradle\native\0.2.8\x86_64-windows-gnu\gradle-fileevents.dll
Event: 0.875 Loaded shared library C:\Users\manas\.gradle\jdks\eclipse_adoptium-25-amd64-windows.2\bin\management.dll
Event: 0.876 Loaded shared library C:\Users\manas\.gradle\jdks\eclipse_adoptium-25-amd64-windows.2\bin\management_ext.dll
Event: 0.979 Loaded shared library C:\Users\manas\.gradle\jdks\eclipse_adoptium-25-amd64-windows.2\bin\extnet.dll
Event: 1.128 Loaded shared library C:\Users\manas\.gradle\jdks\eclipse_adoptium-25-amd64-windows.2\bin\sunmscapi.dll
Event: 9.514 Loaded shared library C:\Users\manas\.gradle\jdks\eclipse_adoptium-25-amd64-windows.2\bin\rmi.dll

Deoptimization events (20 events):
Event: 14.127 Thread 0x000002968a9cf960 Uncommon trap: trap_request=0xffffff45 fr.pc=0x00000296f4835da0 relative=0x0000000000009560
Event: 14.127 Thread 0x000002968a9cf960 Uncommon trap: reason=unstable_if action=reinterpret pc=0x00000296f4835da0 method=com.android.tools.r8.internal.e90.a(IILcom/android/tools/r8/internal/ee0;Lcom/android/tools/r8/graph/ha;)Lcom/android/tools/r8/internal/de0; @ 269 c2
Event: 14.127 Thread 0x000002968a9cf960 DEOPT PACKING pc=0x00000296f4835da0 sp=0x000000b0149fec20
Event: 14.127 Thread 0x000002968a9cf960 DEOPT UNPACKING pc=0x00000296f3e11202 sp=0x000000b0149febd0 mode 2
Event: 14.128 Thread 0x000002968a9d2070 Uncommon trap: trap_request=0xffffffbe fr.pc=0x00000296f46c506c relative=0x0000000000000bec
Event: 14.128 Thread 0x000002968a9d2070 Uncommon trap: reason=profile_predicate action=maybe_recompile pc=0x00000296f46c506c method=com.android.tools.r8.dex.x.a(I[Lcom/android/tools/r8/graph/g4;[Lcom/android/tools/r8/graph/x4;)[Lcom/android/tools/r8/graph/t2; @ 29 c2
Event: 14.128 Thread 0x000002968a9d2070 DEOPT PACKING pc=0x00000296f46c506c sp=0x000000b014cff030
Event: 14.128 Thread 0x000002968a9d2070 DEOPT UNPACKING pc=0x00000296f3e11202 sp=0x000000b014cfefc8 mode 2
Event: 14.128 Thread 0x000002968a9d2070 Uncommon trap: trap_request=0xffffffbe fr.pc=0x00000296f46c506c relative=0x0000000000000bec
Event: 14.128 Thread 0x000002968a9d2070 Uncommon trap: reason=profile_predicate action=maybe_recompile pc=0x00000296f46c506c method=com.android.tools.r8.dex.x.a(I[Lcom/android/tools/r8/graph/g4;[Lcom/android/tools/r8/graph/x4;)[Lcom/android/tools/r8/graph/t2; @ 29 c2
Event: 14.128 Thread 0x000002968a9d2070 DEOPT PACKING pc=0x00000296f46c506c sp=0x000000b014cff030
Event: 14.128 Thread 0x000002968a9d2070 DEOPT UNPACKING pc=0x00000296f3e11202 sp=0x000000b014cfefc8 mode 2
Event: 14.128 Thread 0x000002968a9d2070 Uncommon trap: trap_request=0xffffffbe fr.pc=0x00000296f46c506c relative=0x0000000000000bec
Event: 14.128 Thread 0x000002968a9d2070 Uncommon trap: reason=profile_predicate action=maybe_recompile pc=0x00000296f46c506c method=com.android.tools.r8.dex.x.a(I[Lcom/android/tools/r8/graph/g4;[Lcom/android/tools/r8/graph/x4;)[Lcom/android/tools/r8/graph/t2; @ 29 c2
Event: 14.128 Thread 0x000002968a9d2070 DEOPT PACKING pc=0x00000296f46c506c sp=0x000000b014cff030
Event: 14.128 Thread 0x000002968a9d2070 DEOPT UNPACKING pc=0x00000296f3e11202 sp=0x000000b014cfefc8 mode 2
Event: 14.128 Thread 0x000002968a9cf960 Uncommon trap: trap_request=0xffffffbe fr.pc=0x00000296f46c506c relative=0x0000000000000bec
Event: 14.128 Thread 0x000002968a9cf960 Uncommon trap: reason=profile_predicate action=maybe_recompile pc=0x00000296f46c506c method=com.android.tools.r8.dex.x.a(I[Lcom/android/tools/r8/graph/g4;[Lcom/android/tools/r8/graph/x4;)[Lcom/android/tools/r8/graph/t2; @ 29 c2
Event: 14.128 Thread 0x000002968a9cf960 DEOPT PACKING pc=0x00000296f46c506c sp=0x000000b0149fede0
Event: 14.128 Thread 0x000002968a9cf960 DEOPT UNPACKING pc=0x00000296f3e11202 sp=0x000000b0149fed78 mode 2

Classes loaded (20 events):
Event: 10.010 Loading class java/util/zip/Deflater$DeflaterZStreamRef
Event: 10.010 Loading class java/util/zip/Deflater$DeflaterZStreamRef done
Event: 10.011 Loading class java/util/zip/ZipOutputStream$XEntry
Event: 10.011 Loading class java/util/zip/ZipOutputStream$XEntry done
Event: 10.151 Loading class java/io/PushbackInputStream
Event: 10.151 Loading class java/io/PushbackInputStream done
Event: 10.193 Loading class java/nio/BufferUnderflowException
Event: 10.193 Loading class java/nio/BufferUnderflowException done
Event: 10.311 Loading class java/nio/HeapShortBuffer
Event: 10.312 Loading class java/nio/HeapShortBuffer done
Event: 10.506 Loading class java/nio/file/Files$2
Event: 10.506 Loading class java/nio/file/Files$2 done
Event: 11.094 Loading class java/util/concurrent/LinkedBlockingDeque$Itr
Event: 11.094 Loading class java/util/concurrent/LinkedBlockingDeque$AbstractItr
Event: 11.094 Loading class java/util/concurrent/LinkedBlockingDeque$AbstractItr done
Event: 11.094 Loading class java/util/concurrent/LinkedBlockingDeque$Itr done
Event: 11.432 Loading class java/nio/file/FileTreeIterator
Event: 11.432 Loading class java/nio/file/FileTreeIterator done
Event: 13.090 Loading class java/util/AbstractList$SubList$1
Event: 13.090 Loading class java/util/AbstractList$SubList$1 done

Classes unloaded (13 events):
Event: 7.719 Thread 0x00000296ff9dbfe0 Unloading class 0x000000002ba81400 'java/lang/invoke/LambdaForm$DMH+0x000000002ba81400'
Event: 7.719 Thread 0x00000296ff9dbfe0 Unloading class 0x000000002ba80800 'java/lang/invoke/LambdaForm$DMH+0x000000002ba80800'
Event: 7.719 Thread 0x00000296ff9dbfe0 Unloading class 0x000000002ba80c00 'java/lang/invoke/LambdaForm$DMH+0x000000002ba80c00'
Event: 10.162 Thread 0x00000296ff9dbfe0 Unloading class 0x000000002bdc4400 'java/lang/invoke/LambdaForm$DMH+0x000000002bdc4400'
Event: 10.162 Thread 0x00000296ff9dbfe0 Unloading class 0x000000002bdc4800 'java/lang/invoke/LambdaForm$DMH+0x000000002bdc4800'
Event: 10.162 Thread 0x00000296ff9dbfe0 Unloading class 0x000000002bcbc400 'java/lang/invoke/LambdaForm$DMH+0x000000002bcbc400'
Event: 10.162 Thread 0x00000296ff9dbfe0 Unloading class 0x000000002bca0400 'java/lang/invoke/LambdaForm$DMH+0x000000002bca0400'
Event: 10.162 Thread 0x00000296ff9dbfe0 Unloading class 0x000000002bc89800 'java/lang/invoke/LambdaForm$MH+0x000000002bc89800'
Event: 10.162 Thread 0x00000296ff9dbfe0 Unloading class 0x000000002bc89000 'java/lang/invoke/LambdaForm$DMH+0x000000002bc89000'
Event: 10.162 Thread 0x00000296ff9dbfe0 Unloading class 0x000000002bc88800 'java/lang/invoke/LambdaForm$DMH+0x000000002bc88800'
Event: 10.162 Thread 0x00000296ff9dbfe0 Unloading class 0x000000002bc6c000 'java/lang/invoke/LambdaForm$DMH+0x000000002bc6c000'
Event: 15.041 Thread 0x00000296ff9dbfe0 Unloading class 0x000000002be3c800 'java/lang/invoke/LambdaForm$DMH+0x000000002be3c800'
Event: 15.041 Thread 0x00000296ff9dbfe0 Unloading class 0x000000002be3c400 'java/lang/invoke/LambdaForm$DMH+0x000000002be3c400'

Classes redefined (0 events):
No events

Internal exceptions (20 events):
Event: 9.765 Thread 0x000002968a25db50 Exception <a 'java/lang/NoSuchMethodError'{0x00000000d0c28b30}: 'java.lang.Object java.lang.invoke.DirectMethodHandle$Holder.invokeStatic(java.lang.Object, java.lang.Object, int, java.lang.Object)'> (0x00000000d0c28b30) 
thrown [s\src\hotspot\share\interpreter\linkResolver.cpp, line 804]
Event: 9.807 Thread 0x0000029689062960 Exception <a 'java/lang/IncompatibleClassChangeError'{0x00000000d12af5b8}: Found class java.lang.Object, but interface was expected> (0x00000000d12af5b8) 
thrown [s\src\hotspot\share\interpreter\linkResolver.cpp, line 871]
Event: 9.846 Thread 0x000002968af494a0 Exception <a 'java/lang/NoSuchMethodError'{0x00000000cf9ccb98}: 'void java.lang.invoke.DirectMethodHandle$Holder.invokeStatic(java.lang.Object, java.lang.Object, int, int)'> (0x00000000cf9ccb98) 
thrown [s\src\hotspot\share\interpreter\linkResolver.cpp, line 804]
Event: 9.847 Thread 0x0000029689065840 Exception <a 'java/lang/NoSuchMethodError'{0x00000000cf87bad0}: 'void java.lang.invoke.DirectMethodHandle$Holder.invokeStatic(java.lang.Object, java.lang.Object, int, int)'> (0x00000000cf87bad0) 
thrown [s\src\hotspot\share\interpreter\linkResolver.cpp, line 804]
Event: 9.847 Thread 0x0000029689066010 Exception <a 'java/lang/NoSuchMethodError'{0x00000000cf8a2fd8}: 'void java.lang.invoke.DirectMethodHandle$Holder.invokeStatic(java.lang.Object, java.lang.Object, int, int)'> (0x00000000cf8a2fd8) 
thrown [s\src\hotspot\share\interpreter\linkResolver.cpp, line 804]
Event: 10.257 Thread 0x000002968a25db50 Implicit null exception at 0x00000296f4739d2d to 0x00000296f473a6d4
Event: 10.450 Thread 0x000002968a9cbae0 Implicit null exception at 0x00000296f45edf14 to 0x00000296f45ef170
Event: 10.507 Thread 0x000002968a9cbae0 Exception <a 'sun/nio/fs/WindowsException'{0x00000000d26f3970}> (0x00000000d26f3970) 
thrown [s\src\hotspot\share\prims\jni.cpp, line 516]
Event: 10.510 Thread 0x000002968a25db50 Exception <a 'sun/nio/fs/WindowsException'{0x00000000d2bc0780}> (0x00000000d2bc0780) 
thrown [s\src\hotspot\share\prims\jni.cpp, line 516]
Event: 10.510 Thread 0x000002968a25db50 Exception <a 'sun/nio/fs/WindowsException'{0x00000000d2bc1740}> (0x00000000d2bc1740) 
thrown [s\src\hotspot\share\prims\jni.cpp, line 516]
Event: 10.540 Thread 0x000002968a25db50 Exception <a 'sun/nio/fs/WindowsException'{0x00000000d253ebc8}> (0x00000000d253ebc8) 
thrown [s\src\hotspot\share\prims\jni.cpp, line 516]
Event: 10.972 Thread 0x000002968a25db50 Implicit null exception at 0x00000296f47b12b9 to 0x00000296f47b13e0
Event: 10.998 Thread 0x000002968a2640e0 Exception <a 'java/lang/NoSuchMethodError'{0x00000000d0fd5d58}: 'java.lang.Object java.lang.invoke.Invokers$Holder.invoker(java.lang.Object, java.lang.Object, java.lang.Object, java.lang.Object, java.lang.Object, java.lang.Object)'> (0x00000000d0fd5d58) 
thrown [s\src\hotspot\share\interpreter\linkResolver.cpp, line 804]
Event: 10.998 Thread 0x000002968a2640e0 Implicit null exception at 0x00000296f46dc6b0 to 0x00000296f46e0424
Event: 11.083 Thread 0x000002968a25db50 Exception <a 'sun/nio/fs/WindowsException'{0x00000000d0f6aaa8}> (0x00000000d0f6aaa8) 
thrown [s\src\hotspot\share\prims\jni.cpp, line 516]
Event: 11.083 Thread 0x000002968a25db50 Exception <a 'sun/nio/fs/WindowsException'{0x00000000d0f6cec8}> (0x00000000d0f6cec8) 
thrown [s\src\hotspot\share\prims\jni.cpp, line 516]
Event: 11.099 Thread 0x000002968a25db50 Exception <a 'sun/nio/fs/WindowsException'{0x00000000d055d268}> (0x00000000d055d268) 
thrown [s\src\hotspot\share\prims\jni.cpp, line 516]
Event: 13.090 Thread 0x000002968a9cf960 Exception <a 'java/lang/NoSuchMethodError'{0x00000000defeca60}: 'long java.lang.invoke.DirectMethodHandle$Holder.invokeStatic(java.lang.Object, java.lang.Object, java.lang.Object)'> (0x00000000defeca60) 
thrown [s\src\hotspot\share\interpreter\linkResolver.cpp, line 804]
Event: 13.091 Thread 0x0000029689068ef0 Exception <a 'java/lang/NoSuchMethodError'{0x00000000def04f78}: 'long java.lang.invoke.DirectMethodHandle$Holder.invokeStatic(java.lang.Object, java.lang.Object, java.lang.Object)'> (0x00000000def04f78) 
thrown [s\src\hotspot\share\interpreter\linkResolver.cpp, line 804]
Event: 13.091 Thread 0x000002968a9cbae0 Exception <a 'java/lang/NoSuchMethodError'{0x00000000def9e638}: 'long java.lang.invoke.DirectMethodHandle$Holder.invokeStatic(java.lang.Object, java.lang.Object, java.lang.Object)'> (0x00000000def9e638) 
thrown [s\src\hotspot\share\interpreter\linkResolver.cpp, line 804]

VM Operations (20 events):
Event: 13.399 Executing safepoint VM operation: G1CollectForAllocation (G1 Evacuation Pause) done
Event: 13.584 Executing safepoint VM operation: G1PauseRemark
Event: 13.593 Executing safepoint VM operation: G1PauseRemark done
Event: 13.641 Executing safepoint VM operation: G1CollectForAllocation (G1 Evacuation Pause)
Event: 13.681 Executing safepoint VM operation: G1CollectForAllocation (G1 Evacuation Pause) done
Event: 13.708 Executing safepoint VM operation: G1PauseCleanup
Event: 13.708 Executing safepoint VM operation: G1PauseCleanup done
Event: 13.933 Executing safepoint VM operation: G1CollectForAllocation (G1 Evacuation Pause)
Event: 13.972 Executing safepoint VM operation: G1CollectForAllocation (G1 Evacuation Pause) done
Event: 14.143 Executing safepoint VM operation: G1CollectForAllocation (G1 Evacuation Pause)
Event: 14.176 Executing safepoint VM operation: G1CollectForAllocation (G1 Evacuation Pause) done
Event: 14.404 Executing safepoint VM operation: G1CollectForAllocation (G1 Evacuation Pause)
Event: 14.429 Executing safepoint VM operation: G1CollectForAllocation (G1 Evacuation Pause) done
Event: 14.655 Executing safepoint VM operation: G1CollectForAllocation (G1 Evacuation Pause)
Event: 14.675 Executing safepoint VM operation: G1CollectForAllocation (G1 Evacuation Pause) done
Event: 14.829 Executing safepoint VM operation: G1CollectForAllocation (G1 Evacuation Pause)
Event: 14.845 Executing safepoint VM operation: G1CollectForAllocation (G1 Evacuation Pause) done
Event: 14.914 Executing safepoint VM operation: G1CollectForAllocation (G1 Evacuation Pause)
Event: 14.926 Executing safepoint VM operation: G1CollectForAllocation (G1 Evacuation Pause) done
Event: 15.035 Executing safepoint VM operation: G1PauseRemark

Memory protections (0 events):
No events

Nmethod flushes (20 events):
Event: 15.049 Thread 0x00000296ff9dbfe0 flushing  nmethod 0x00000296ed95a908
Event: 15.049 Thread 0x00000296ff9dbfe0 flushing  nmethod 0x00000296ed960a88
Event: 15.049 Thread 0x00000296ff9dbfe0 flushing  nmethod 0x00000296ed961608
Event: 15.049 Thread 0x00000296ff9dbfe0 flushing  nmethod 0x00000296ed962688
Event: 15.049 Thread 0x00000296ff9dbfe0 flushing  nmethod 0x00000296ed962a88
Event: 15.049 Thread 0x00000296ff9dbfe0 flushing  nmethod 0x00000296ed963088
Event: 15.049 Thread 0x00000296ff9dbfe0 flushing  nmethod 0x00000296f4595588
Event: 15.049 Thread 0x00000296ff9dbfe0 flushing  nmethod 0x00000296ec7c5a08
Event: 15.049 Thread 0x00000296ff9dbfe0 flushing  nmethod 0x00000296ec7ed888
Event: 15.049 Thread 0x00000296ff9dbfe0 flushing  nmethod 0x00000296ec966d08
Event: 15.049 Thread 0x00000296ff9dbfe0 flushing  nmethod 0x00000296ec9c2008
Event: 15.049 Thread 0x00000296ff9dbfe0 flushing  nmethod 0x00000296eca6c688
Event: 15.049 Thread 0x00000296ff9dbfe0 flushing  nmethod 0x00000296ecd89008
Event: 15.049 Thread 0x00000296ff9dbfe0 flushing  nmethod 0x00000296ed33f608
Event: 15.049 Thread 0x00000296ff9dbfe0 flushing  nmethod 0x00000296ed4fa208
Event: 15.049 Thread 0x00000296ff9dbfe0 flushing  nmethod 0x00000296ed57fa88
Event: 15.049 Thread 0x00000296ff9dbfe0 flushing  nmethod 0x00000296ed581608
Event: 15.049 Thread 0x00000296ff9dbfe0 flushing  nmethod 0x00000296ed582888
Event: 15.049 Thread 0x00000296ff9dbfe0 flushing  nmethod 0x00000296ed608388
Event: 15.049 Thread 0x00000296ff9dbfe0 flushing  nmethod 0x00000296ed802b08

Events (20 events):
Event: 10.509 Thread 0x0000029689063900 Thread exited: 0x0000029689063900
Event: 10.509 Thread 0x000002968a9cb310 Thread exited: 0x000002968a9cb310
Event: 10.509 Thread 0x000002968a9cca80 Thread exited: 0x000002968a9cca80
Event: 10.509 Thread 0x000002968a9cc2b0 Thread exited: 0x000002968a9cc2b0
Event: 11.464 Thread 0x000002968a2640e0 Thread added: 0x0000029689065840
Event: 11.578 Thread 0x00000296ffd332d0 Thread exited: 0x00000296ffd332d0
Event: 11.699 Thread 0x00000296ffcbf7b0 Thread exited: 0x00000296ffcbf7b0
Event: 11.810 Thread 0x00000296ff9faa70 Thread added: 0x00000296885cf0d0
Event: 11.851 Thread 0x00000296ff9faa70 Thread added: 0x00000296885cd090
Event: 12.895 Thread 0x00000296885cd090 Thread exited: 0x00000296885cd090
Event: 13.089 Thread 0x0000029689065840 Thread added: 0x0000029689068ef0
Event: 13.089 Thread 0x0000029689065840 Thread added: 0x0000029689066fb0
Event: 13.089 Thread 0x0000029689066fb0 Thread added: 0x000002968a9cbae0
Event: 13.089 Thread 0x0000029689068ef0 Thread added: 0x000002968a9cf960
Event: 13.090 Thread 0x000002968a9cbae0 Thread added: 0x000002968a9cca80
Event: 13.090 Thread 0x000002968a9cf960 Thread added: 0x000002968a9d0900
Event: 13.090 Thread 0x000002968a9d0900 Thread added: 0x000002968a9d2070
Event: 13.090 Thread 0x000002968a9cca80 Thread added: 0x000002968af494a0
Event: 13.106 Thread 0x00000296885cf0d0 Thread added: 0x00000296885d00f0
Event: 14.704 Thread 0x00000296885d00f0 Thread exited: 0x00000296885d00f0


Dynamic libraries:
0x00007ff733d30000 - 0x00007ff733d3e000 	C:\Users\manas\.gradle\jdks\eclipse_adoptium-25-amd64-windows.2\bin\java.exe
0x00007fff6e020000 - 0x00007fff6e286000 	C:\WINDOWS\SYSTEM32\ntdll.dll
0x00007fff6cbc0000 - 0x00007fff6cc89000 	C:\WINDOWS\System32\KERNEL32.DLL
0x00007fff6b940000 - 0x00007fff6bd3e000 	C:\WINDOWS\System32\KERNELBASE.dll
0x00007fff6b240000 - 0x00007fff6b38c000 	C:\WINDOWS\System32\ucrtbase.dll
0x00007fff456b0000 - 0x00007fff456ce000 	C:\Users\manas\.gradle\jdks\eclipse_adoptium-25-amd64-windows.2\bin\VCRUNTIME140.dll
0x00007fff45690000 - 0x00007fff456a6000 	C:\Users\manas\.gradle\jdks\eclipse_adoptium-25-amd64-windows.2\bin\jli.dll
0x00007fff6cd90000 - 0x00007fff6cf57000 	C:\WINDOWS\System32\USER32.dll
0x00007fff6b3a0000 - 0x00007fff6b3c7000 	C:\WINDOWS\System32\win32u.dll
0x00007fff5c0a0000 - 0x00007fff5c332000 	C:\WINDOWS\WinSxS\amd64_microsoft.windows.common-controls_6595b64144ccf1df_6.0.26100.8875_none_3e0d5d42e32fe9dd\COMCTL32.dll
0x00007fff6c010000 - 0x00007fff6c03b000 	C:\WINDOWS\System32\GDI32.dll
0x00007fff6d780000 - 0x00007fff6d829000 	C:\WINDOWS\System32\msvcrt.dll
0x00007fff6b750000 - 0x00007fff6b87a000 	C:\WINDOWS\System32\gdi32full.dll
0x00007fff6b460000 - 0x00007fff6b503000 	C:\WINDOWS\System32\msvcp_win.dll
0x00007fff6c190000 - 0x00007fff6c1c2000 	C:\WINDOWS\System32\IMM32.DLL
0x00007fff46c70000 - 0x00007fff46d62000 	C:\Program Files\Windhawk\Engine\1.7.3\64\windhawk.dll
0x00007fff6c040000 - 0x00007fff6c0f7000 	C:\WINDOWS\System32\ADVAPI32.dll
0x00007fff6bdd0000 - 0x00007fff6be7a000 	C:\WINDOWS\System32\sechost.dll
0x00007fff6be80000 - 0x00007fff6bf98000 	C:\WINDOWS\System32\RPCRT4.dll
0x00007fff45680000 - 0x00007fff4568c000 	C:\Users\manas\.gradle\jdks\eclipse_adoptium-25-amd64-windows.2\bin\vcruntime140_1.dll
0x00007fff44d40000 - 0x00007fff44dcd000 	C:\Users\manas\.gradle\jdks\eclipse_adoptium-25-amd64-windows.2\bin\msvcp140.dll
0x00007ffe7be40000 - 0x00007ffe7cd6a000 	C:\Users\manas\.gradle\jdks\eclipse_adoptium-25-amd64-windows.2\bin\server\jvm.dll
0x00007fff6c100000 - 0x00007fff6c180000 	C:\WINDOWS\System32\WS2_32.dll
0x00007fff5fd50000 - 0x00007fff5fd86000 	C:\WINDOWS\SYSTEM32\WINMM.dll
0x00007fff6b0a0000 - 0x00007fff6b0fe000 	C:\WINDOWS\SYSTEM32\POWRPROF.dll
0x00007fff60cc0000 - 0x00007fff60ccb000 	C:\WINDOWS\SYSTEM32\VERSION.dll
0x00007fff6b080000 - 0x00007fff6b094000 	C:\WINDOWS\SYSTEM32\UMPDC.dll
0x00007fff69f20000 - 0x00007fff69f3b000 	C:\WINDOWS\SYSTEM32\kernel.appcore.dll
0x00007fff45670000 - 0x00007fff4567a000 	C:\Users\manas\.gradle\jdks\eclipse_adoptium-25-amd64-windows.2\bin\jimage.dll
0x00007fff68860000 - 0x00007fff68aa2000 	C:\WINDOWS\SYSTEM32\DBGHELP.DLL
0x00007fff6d3f0000 - 0x00007fff6d773000 	C:\WINDOWS\System32\combase.dll
0x00007fff6c7b0000 - 0x00007fff6c889000 	C:\WINDOWS\System32\OLEAUT32.dll
0x00007fff59f30000 - 0x00007fff59f6b000 	C:\WINDOWS\SYSTEM32\dbgcore.DLL
0x00007fff6b690000 - 0x00007fff6b73c000 	C:\WINDOWS\System32\bcryptPrimitives.dll
0x00007fff45660000 - 0x00007fff4566f000 	C:\Users\manas\.gradle\jdks\eclipse_adoptium-25-amd64-windows.2\bin\instrument.dll
0x00007fff44d20000 - 0x00007fff44d3e000 	C:\Users\manas\.gradle\jdks\eclipse_adoptium-25-amd64-windows.2\bin\java.dll
0x00007fff6d1c0000 - 0x00007fff6d359000 	C:\WINDOWS\System32\ole32.dll
0x00007fff6d840000 - 0x00007fff6dfd2000 	C:\WINDOWS\System32\SHELL32.dll
0x00007fff68cc0000 - 0x00007fff69552000 	C:\WINDOWS\SYSTEM32\windows.storage.dll
0x00007fff6c1d0000 - 0x00007fff6c2c7000 	C:\WINDOWS\System32\SHCORE.dll
0x00007fff6bfa0000 - 0x00007fff6c007000 	C:\WINDOWS\System32\shlwapi.dll
0x00007fff6b160000 - 0x00007fff6b189000 	C:\WINDOWS\SYSTEM32\profapi.dll
0x00007fff44d00000 - 0x00007fff44d16000 	C:\Users\manas\.gradle\jdks\eclipse_adoptium-25-amd64-windows.2\bin\zip.dll
0x00007fff44ce0000 - 0x00007fff44cf1000 	C:\Users\manas\.gradle\jdks\eclipse_adoptium-25-amd64-windows.2\bin\net.dll
0x00007fff6a4d0000 - 0x00007fff6a53c000 	C:\WINDOWS\system32\mswsock.dll
0x00007fff44cc0000 - 0x00007fff44cd6000 	C:\Users\manas\.gradle\jdks\eclipse_adoptium-25-amd64-windows.2\bin\nio.dll
0x00007fff45650000 - 0x00007fff45660000 	C:\Users\manas\.gradle\jdks\eclipse_adoptium-25-amd64-windows.2\bin\verify.dll
0x00007ffeb8630000 - 0x00007ffeb8657000 	C:\Users\manas\.gradle\native\660c5614fbf4a5f2a75b1949f50a0caf5cd603558e7d8a26e50b933a0cfb79d1\windows-amd64\native-platform.dll
0x00007ffeb4dd0000 - 0x00007ffeb4e47000 	C:\Users\manas\.gradle\native\0.2.8\x86_64-windows-gnu\gradle-fileevents.dll
0x00007fff5dd30000 - 0x00007fff5dd3a000 	C:\Users\manas\.gradle\jdks\eclipse_adoptium-25-amd64-windows.2\bin\management.dll
0x00007fff5dd20000 - 0x00007fff5dd2c000 	C:\Users\manas\.gradle\jdks\eclipse_adoptium-25-amd64-windows.2\bin\management_ext.dll
0x00007fff6cbb0000 - 0x00007fff6cbb8000 	C:\WINDOWS\System32\PSAPI.DLL
0x00007fff69920000 - 0x00007fff69953000 	C:\WINDOWS\SYSTEM32\IPHLPAPI.DLL
0x00007fff6cae0000 - 0x00007fff6caea000 	C:\WINDOWS\System32\NSI.dll
0x00007fff4e150000 - 0x00007fff4e159000 	C:\Users\manas\.gradle\jdks\eclipse_adoptium-25-amd64-windows.2\bin\extnet.dll
0x00007fff6a7d0000 - 0x00007fff6a7eb000 	C:\WINDOWS\SYSTEM32\CRYPTSP.dll
0x00007fff69e80000 - 0x00007fff69eb9000 	C:\WINDOWS\system32\rsaenh.dll
0x00007fff6a590000 - 0x00007fff6a5c2000 	C:\WINDOWS\SYSTEM32\USERENV.dll
0x00007fff6b130000 - 0x00007fff6b15a000 	C:\WINDOWS\SYSTEM32\bcrypt.dll
0x00007fff6a7f0000 - 0x00007fff6a7fc000 	C:\WINDOWS\SYSTEM32\CRYPTBASE.dll
0x00007fff4e130000 - 0x00007fff4e13e000 	C:\Users\manas\.gradle\jdks\eclipse_adoptium-25-amd64-windows.2\bin\sunmscapi.dll
0x00007fff6b510000 - 0x00007fff6b688000 	C:\WINDOWS\System32\CRYPT32.dll
0x00007fff6aa10000 - 0x00007fff6aa40000 	C:\WINDOWS\SYSTEM32\ncrypt.dll
0x00007fff6a9c0000 - 0x00007fff6a9ff000 	C:\WINDOWS\SYSTEM32\NTASN1.dll
0x00007fff171a0000 - 0x00007fff171a8000 	C:\WINDOWS\system32\wshunix.dll
0x00007fff6a050000 - 0x00007fff6a086000 	C:\WINDOWS\SYSTEM32\ntmarta.dll
0x00007fff5eec0000 - 0x00007fff5eed8000 	C:\WINDOWS\system32\napinsp.dll
0x00007fff699c0000 - 0x00007fff69b16000 	C:\WINDOWS\SYSTEM32\DNSAPI.dll
0x00007fff6a2d0000 - 0x00007fff6a2dd000 	C:\WINDOWS\SYSTEM32\DSPARSE.dll
0x00007fff5eea0000 - 0x00007fff5eeb3000 	C:\WINDOWS\System32\winrnr.dll
0x00007fff5ee70000 - 0x00007fff5ee92000 	C:\WINDOWS\system32\nlansp_c.dll
0x00007fff5fd90000 - 0x00007fff5fda6000 	C:\WINDOWS\system32\wshbth.dll
0x00007fff610f0000 - 0x00007fff610fb000 	C:\Windows\System32\rasadhlp.dll
0x00007fff624f0000 - 0x00007fff62576000 	C:\WINDOWS\System32\fwpuclnt.dll
0x00007fff60170000 - 0x00007fff60177000 	C:\Users\manas\.gradle\jdks\eclipse_adoptium-25-amd64-windows.2\bin\rmi.dll

JVMTI agents:
C:\Users\manas\.gradle\wrapper\dists\gradle-9.6.0-bin\42k10rwplmzkhuboz9kdazi7s\gradle-9.6.0\lib\agents\gradle-instrumentation-agent-9.6.0.jar path:C:\Users\manas\.gradle\jdks\eclipse_adoptium-25-amd64-windows.2\bin\instrument.dll, loaded, initialized, instrumentlib options:none

dbghelp: loaded successfully - version: 4.0.5 - missing functions: none
symbol engine: initialized successfully - sym options: 0x614 - pdb path: .;C:\Users\manas\.gradle\jdks\eclipse_adoptium-25-amd64-windows.2\bin;C:\WINDOWS\SYSTEM32;C:\WINDOWS\WinSxS\amd64_microsoft.windows.common-controls_6595b64144ccf1df_6.0.26100.8875_none_3e0d5d42e32fe9dd;C:\Program Files\Windhawk\Engine\1.7.3\64;C:\Users\manas\.gradle\jdks\eclipse_adoptium-25-amd64-windows.2\bin\server;C:\Users\manas\.gradle\native\660c5614fbf4a5f2a75b1949f50a0caf5cd603558e7d8a26e50b933a0cfb79d1\windows-amd64;C:\Users\manas\.gradle\native\0.2.8\x86_64-windows-gnu

VM Arguments:
jvm_args: --add-opens=java.base/java.lang=ALL-UNNAMED --add-opens=java.base/java.lang.invoke=ALL-UNNAMED --add-opens=java.base/java.util=ALL-UNNAMED --add-opens=java.prefs/java.util.prefs=ALL-UNNAMED --add-exports=jdk.compiler/com.sun.tools.javac.api=ALL-UNNAMED --add-exports=jdk.compiler/com.sun.tools.javac.util=ALL-UNNAMED --add-opens=java.base/java.nio.charset=ALL-UNNAMED --add-opens=java.base/java.net=ALL-UNNAMED --add-opens=java.base/java.util.concurrent=ALL-UNNAMED --add-opens=java.base/java.util.concurrent.atomic=ALL-UNNAMED --add-opens=java.xml/javax.xml.namespace=ALL-UNNAMED --add-opens=java.base/java.time=ALL-UNNAMED --enable-native-access=ALL-UNNAMED -Xmx1g -Dfile.encoding=UTF-8 -Duser.country=IN -Duser.language=en -Duser.variant -javaagent:C:\Users\manas\.gradle\wrapper\dists\gradle-9.6.0-bin\42k10rwplmzkhuboz9kdazi7s\gradle-9.6.0\lib\agents\gradle-instrumentation-agent-9.6.0.jar 
java_command: org.gradle.launcher.daemon.bootstrap.GradleDaemon 9.6.0
java_class_path (initial): C:\Users\manas\.gradle\wrapper\dists\gradle-9.6.0-bin\42k10rwplmzkhuboz9kdazi7s\gradle-9.6.0\lib\gradle-daemon-main-9.6.0.jar
Launcher Type: SUN_STANDARD

[Global flags]
     intx CICompilerCount                          = 4                                         {product} {ergonomic}
     uint ConcGCThreads                            = 2                                         {product} {ergonomic}
     uint G1ConcRefinementThreads                  = 8                                         {product} {ergonomic}
   size_t G1HeapRegionSize                         = 1048576                                   {product} {ergonomic}
   size_t InitialHeapSize                          = 266338304                                 {product} {ergonomic}
   size_t MarkStackSize                            = 4194304                                   {product} {ergonomic}
   size_t MarkStackSizeMax                         = 536870912                                 {product} {ergonomic}
   size_t MaxHeapSize                              = 1073741824                                {product} {command line}
   size_t MaxNewSize                               = 643825664                                 {product} {ergonomic}
   size_t MinHeapDeltaBytes                        = 1048576                                   {product} {ergonomic}
   size_t MinHeapSize                              = 8388608                                   {product} {ergonomic}
    uintx NonNMethodCodeHeapSize                   = 5898240                                {pd product} {ergonomic}
    uintx NonProfiledCodeHeapSize                  = 122945536                              {pd product} {ergonomic}
    uintx ProfiledCodeHeapSize                     = 122945536                              {pd product} {ergonomic}
    uintx ReservedCodeCacheSize                    = 251789312                              {pd product} {ergonomic}
     bool SegmentedCodeCache                       = true                                      {product} {ergonomic}
   size_t SoftMaxHeapSize                          = 1073741824                             {manageable} {ergonomic}
     bool UseCompressedOops                        = true                           {product lp64_product} {ergonomic}
     bool UseG1GC                                  = true                                      {product} {ergonomic}
     bool UseLargePagesIndividualAllocation        = false                                  {pd product} {ergonomic}

Logging:
Log output configuration:
 #0: stdout all=warning uptime,level,tags foldmultilines=false
 #1: stderr all=off uptime,level,tags foldmultilines=false

Release file:
IMPLEMENTOR="Eclipse Adoptium" 
IMPLEMENTOR_VERSION="Temurin-25.0.3+9" 
JAVA_RUNTIME_VERSION="25.0.3+9-LTS" 
JAVA_VERSION="25.0.3" 
JAVA_VERSION_DATE="2026-04-21" 
LIBC="default" 
MODULES="java.base java.compiler java.datatransfer java.xml java.prefs java.desktop java.instrument java.logging java.management java.security.sasl java.naming java.rmi java.management.rmi java.net.http java.scripting java.security.jgss java.transaction.xa java.sql java.sql.rowset java.xml.crypto java.se java.smartcardio jdk.accessibility jdk.internal.jvmstat jdk.attach jdk.charsets jdk.internal.opt jdk.zipfs jdk.compiler jdk.crypto.cryptoki jdk.crypto.ec jdk.crypto.mscapi jdk.dynalink jdk.internal.ed jdk.editpad jdk.internal.vm.ci jdk.graal.compiler jdk.graal.compiler.management jdk.hotspot.agent jdk.httpserver jdk.incubator.vector jdk.internal.le jdk.internal.md jdk.jartool jdk.javadoc jdk.jcmd jdk.management jdk.management.agent jdk.jconsole jdk.jdeps jdk.jdwp.agent jdk.jdi jdk.jfr jdk.jlink jdk.jpackage jdk.jshell jdk.jsobject jdk.jstatd jdk.localedata jdk.management.jfr jdk.naming.dns jdk.naming.rmi jdk.net jdk.nio.mapmode jdk.sctp jdk.security.auth jdk.security.jgss jdk.unsupported jdk.unsupported.desktop jdk.xml.dom" 
OS_ARCH="x86_64" 
OS_NAME="Windows" 
SOURCE=".:git:cda0a1776184" 
BUILD_SOURCE="git:a612825ee82a20ac872d60958c349854c1f29a8e"
BUILD_SOURCE_REPO="https://github.com/adoptium/temurin-build.git"
SOURCE_REPO="https://github.com/adoptium/jdk25u.git"
FULL_VERSION="25.0.3+9-LTS"
SEMANTIC_VERSION="25.0.3+9"
BUILD_INFO="OS: Windows Server 2022 Version: 10.0"
JVM_VARIANT="Hotspot"
JVM_VERSION="25.0.3+9-LTS"
IMAGE_TYPE="JDK"

Environment Variables:
JAVA_HOME=C:\Program Files\Java\jdk-24
PATH=c:\Users\manas\AppData\Roaming\Code\User\globalStorage\github.copilot-chat\debugCommand;c:\Users\manas\AppData\Roaming\Code\User\globalStorage\github.copilot-chat\copilotCli;D:\apps\26ai\dbhomeFree\bin;C:\Program Files\PHP\current;C:\Program Files\Common Files\Oracle\Java\javapath;C:\Program Files\Python313\Scripts\;C:\Program Files\Java\jdk-24\bin;C:\Program Files\Python313\;C:\Program Files (x86)\Common Files\Oracle\Java\java8path;C:\Program Files (x86)\Common Files\Oracle\Java\javapath;C:\Program Files (x86)\NVIDIA Corporation\PhysX\Common;C:\ProgramData\Oracle\Java\javapath;C:\WINDOWS\system32;C:\WINDOWS;C:\WINDOWS\System32\Wbem;C:\WINDOWS\System32\WindowsPowerShell\v1.0\;C:\WINDOWS\System32\OpenSSH\;C:\Program Files\Calibre2\;C:\Program Files\Git\cmd;C:\Program Files\dotnet\;D:\apps\mysys2\mingw64\bin;C:\Users\manas\AppData\Local\Microsoft\WindowsApps;C:\Users\manas\AppData\Roaming\Python\Python313\Scripts;C:\Program Files\Java\jdk-24\bin;D:\apps\New Folder\;D:\apps\nodejs\;E:\maven\apache-maven-3.9.12\bin;E:\gradle-9.3.0\bin;C:\Program Files\Docker\Docker\resources\bin;C:\Program Files\Crucial\Crucial Storage Executive;C:\ProgramData\ComposerSetup\bin;C:\Users\manas\AppData\Local\Microsoft\WindowsApps;C:\Users\manas\AppData\Local\spicetify;C:\Users\manas\AppData\Local\Programs\Microsoft VS Code\bin;C:\MinGW\bin;D:\flutter sdk\flutter\bin;D:\apps\mysys2\mingw64\bin;C:\Users\manas\AppData\Local\GitHubDesktop\bin;C:\Users\manas\AppData\Roaming\npm;C:\Users\manas\AppData\Local\Microsoft\WindowsApps;C:\Users\manas\AppData\Roaming\Composer\vendor\bin;E:\android_sdk\platform-tools;E:\android_sdk\emulator
USERNAME=manas
LANG=en_US.UTF-8
OS=Windows_NT
PROCESSOR_IDENTIFIER=Intel64 Family 6 Model 140 Stepping 1, GenuineIntel
TMP=C:\Users\manas\AppData\Local\Temp
TEMP=C:\Users\manas\AppData\Local\Temp




Compilation memory statistics disabled.

Periodic native trim disabled

---------------  S Y S T E M  ---------------

OS:
 Windows 11 , 64 bit Build 26100 (10.0.26100.8875)
OS uptime: 0 days 1:21 hours
Hyper-V role detected

CPU: total 8 (initial active 8) (4 cores per cpu, 2 threads per core) family 6 model 140 stepping 1 microcode 0x8a, cx8, cmov, fxsr, ht, mmx, 3dnowpref, sse, sse2, sse3, ssse3, sse4.1, sse4.2, popcnt, lzcnt, tsc, tscinvbit, avx, avx2, aes, erms, clmul, bmi1, bmi2, adx, avx512f, avx512dq, avx512cd, avx512bw, avx512vl, sha, fma, vzeroupper, avx512_vpopcntdq, avx512_vpclmulqdq, avx512_vaes, avx512_vnni, clflush, clflushopt, clwb, avx512_vbmi2, avx512_vbmi, hv, rdtscp, rdpid, fsrm, gfni, avx512_bitalg, f16c, cet_ibt, cet_ss, avx512_ifma
Processor Information for the first 8 processors :
  Max Mhz: 3110, Current Mhz: 3110, Mhz Limit: 3110

Memory: 4k page, system-wide physical 16167M (4272M free)
TotalPageFile size 16167M (AvailPageFile size 183M)
current process WorkingSet (physical memory assigned to process): 928M, peak: 971M
current process commit charge ("private bytes"): 979M, peak: 1354M

vm_info: OpenJDK 64-Bit Server VM (25.0.3+9-LTS) for windows-amd64 JRE (25.0.3+9-LTS), built on 2026-04-21T00:00:00Z with MS VC++ 17.12 (VS2022)

END.
